user_id,fiction_id,click,like,rating
1,1,1,1,2
1,2,1,0,2
1,3,1,1,4
1,4,1,0,1
1,5,1,0,2
1,6,1,0,2
1,7,1,0,1
1,8,1,1,0
1,9,1,0,5
1,10,1,1,4
1,11,1,1,1
1,12,1,0,3
1,13,1,1,4
1,14,1,1,1
1,15,1,0,1
1,16,1,0,5
1,17,1,1,0
1,18,1,1,5
1,19,1,0,4
1,20,1,1,5
1,21,1,1,4
1,22,1,0,5
1,23,1,1,4
1,24,1,0,4
1,25,1,1,0
1,26,1,1,4
1,27,1,0,2
1,28,1,0,2
1,29,1,1,1
1,30,1,1,1
1,31,1,1,1
1,32,1,1,2
1,33,1,0,1
1,34,1,1,4
1,35,1,1,1
1,36,1,0,5
1,37,1,0,5
1,38,1,1,1
1,39,1,0,4
1,40,1,0,1
1,41,1,1,4
1,42,1,1,1
1,43,1,1,4
1,44,1,1,2
1,45,1,1,3
1,46,1,1,4
1,47,1,1,1
1,48,1,1,4
1,49,1,0,5
1,50,1,0,5
1,51,1,0,0
1,52,1,0,3
1,53,1,0,2
1,56,1,1,1
1,61,1,0,2
1,62,1,0,0
1,64,1,1,0
1,68,1,1,5
1,70,1,0,5
1,72,1,0,1
1,73,1,0,1
1,75,1,1,1
1,76,1,0,2
1,77,1,1,3
1,78,1,0,3
1,80,1,1,4
1,81,1,1,4
1,82,1,1,4
1,85,1,1,2
1,87,1,1,0
1,93,1,0,0
1,96,1,1,0
1,97,1,0,1
2,2,1,0,1
2,3,1,1,4
2,6,1,1,4
2,7,1,0,1
2,8,1,1,5
2,9,1,0,3
2,11,1,1,5
2,12,1,0,5
2,13,1,0,1
2,14,1,0,3
2,15,1,1,3
2,16,1,1,4
2,17,1,0,4
2,18,1,1,4
2,19,1,0,5
2,20,1,1,1
2,21,1,1,0
2,22,1,1,4
2,24,1,1,3
2,25,1,0,5
2,26,1,1,1
2,27,1,1,3
2,28,1,0,5
2,29,1,1,4
2,30,1,0,4
2,31,1,1,5
2,32,1,1,5
2,33,1,0,0
2,34,1,1,4
2,35,1,1,4
2,36,1,0,1
2,38,1,1,0
2,39,1,0,0
2,40,1,0,0
2,41,1,0,0
2,42,1,0,3
2,43,1,0,2
2,44,1,0,0
2,46,1,0,4
2,47,1,0,5
2,48,1,1,0
2,50,1,1,4
2,51,1,0,5
2,52,1,0,2
2,53,1,0,2
2,54,1,0,0
2,55,1,0,5
2,56,1,0,4
2,57,1,0,1
2,58,1,1,0
2,59,1,1,5
2,61,1,0,5
2,64,1,0,4
2,69,1,1,1
2,73,1,0,2
2,78,1,1,2
2,80,1,1,4
2,81,1,1,3
2,82,1,0,4
2,83,1,0,0
2,85,1,1,3
2,87,1,1,0
2,89,1,0,0
2,93,1,1,3
2,95,1,1,2
2,98,1,0,3
2,99,1,0,5
2,100,1,1,0
3,1,1,1,1
3,2,1,0,1
3,3,1,1,2
3,4,1,0,4
3,5,1,0,1
3,6,1,0,1
3,7,1,0,1
3,8,1,0,1
3,9,1,1,1
3,10,1,0,2
3,11,1,1,5
3,12,1,0,5
3,14,1,1,5
3,15,1,1,1
3,16,1,1,0
3,18,1,1,2
3,19,1,1,4
3,20,1,1,3
3,21,1,0,4
3,24,1,1,1
3,26,1,0,3
3,27,1,1,5
3,28,1,0,2
3,29,1,0,5
3,30,1,1,0
3,31,1,0,0
3,32,1,0,2
3,33,1,0,0
3,34,1,1,3
3,35,1,0,0
3,36,1,1,4
3,37,1,1,1
3,38,1,0,3
3,39,1,0,1
3,40,1,1,3
3,41,1,0,5
3,42,1,0,3
3,44,1,0,1
3,45,1,0,4
3,46,1,0,2
3,47,1,1,5
3,48,1,1,0
3,50,1,1,0
3,58,1,0,3
3,59,1,1,4
3,60,1,1,3
3,61,1,1,3
3,63,1,1,0
3,64,1,1,5
3,65,1,1,1
3,67,1,1,2
3,73,1,0,2
3,74,1,0,3
3,75,1,0,1
3,76,1,1,4
3,77,1,1,0
3,78,1,1,0
3,79,1,0,5
3,81,1,0,4
3,82,1,1,0
3,85,1,0,3
3,86,1,1,5
3,87,1,0,3
3,89,1,0,0
3,91,1,1,3
3,93,1,1,0
3,95,1,1,4
3,97,1,1,4
3,99,1,0,0
3,100,1,0,3
4,1,1,1,1
4,3,1,1,1
4,4,1,0,3
4,5,1,1,2
4,7,1,0,4
4,8,1,0,5
4,10,1,0,4
4,12,1,0,1
4,13,1,0,0
4,14,1,1,2
4,15,1,1,5
4,16,1,1,0
4,17,1,1,5
4,18,1,0,1
4,21,1,0,0
4,23,1,1,2
4,24,1,1,1
4,25,1,1,4
4,27,1,0,5
4,28,1,0,0
4,29,1,1,1
4,30,1,1,2
4,31,1,1,3
4,32,1,0,5
4,33,1,1,4
4,36,1,0,2
4,37,1,1,1
4,38,1,0,5
4,39,1,1,5
4,41,1,1,2
4,42,1,1,1
4,43,1,0,0
4,44,1,1,1
4,47,1,1,2
4,48,1,1,4
4,49,1,0,2
4,50,1,1,3
4,53,1,0,5
4,54,1,1,0
4,55,1,1,5
4,58,1,1,4
4,60,1,0,5
4,61,1,0,0
4,63,1,1,1
4,65,1,1,5
4,66,1,0,1
4,70,1,0,2
4,73,1,1,0
4,74,1,0,0
4,75,1,1,0
4,76,1,1,4
4,78,1,1,2
4,80,1,0,3
4,81,1,0,5
4,82,1,0,4
4,83,1,0,2
4,85,1,1,0
4,86,1,1,2
4,88,1,0,5
4,89,1,1,5
4,90,1,1,2
4,92,1,0,5
4,94,1,0,0
4,95,1,0,3
4,96,1,1,2
4,99,1,0,4
4,100,1,0,3
5,1,1,1,1
5,2,1,1,1
5,3,1,1,0
5,4,1,0,3
5,6,1,1,3
5,7,1,0,5
5,8,1,1,5
5,9,1,1,4
5,11,1,0,1
5,12,1,0,5
5,13,1,1,3
5,15,1,1,2
5,16,1,1,0
5,17,1,1,0
5,18,1,0,5
5,19,1,0,0
5,20,1,0,4
5,21,1,1,5
5,22,1,0,4
5,23,1,1,2
5,25,1,1,3
5,26,1,0,3
5,27,1,1,1
5,28,1,0,3
5,30,1,0,2
5,31,1,0,3
5,32,1,0,1
5,33,1,0,4
5,34,1,1,3
5,35,1,1,5
5,36,1,1,3
5,38,1,1,5
5,39,1,0,3
5,40,1,0,3
5,42,1,0,3
5,43,1,1,5
5,47,1,0,1
5,49,1,0,1
5,50,1,0,1
5,51,1,0,1
5,53,1,0,4
5,55,1,1,3
5,56,1,1,5
5,57,1,1,5
5,58,1,0,3
5,60,1,1,0
5,61,1,1,5
5,62,1,1,0
5,64,1,1,4
5,65,1,0,2
5,66,1,0,3
5,68,1,1,3
5,69,1,1,4
5,70,1,0,4
5,72,1,0,0
5,73,1,0,5
5,74,1,0,2
5,75,1,1,0
5,77,1,1,0
5,78,1,0,0
5,80,1,1,5
5,82,1,1,0
5,87,1,0,1
5,88,1,1,0
5,90,1,0,3
5,91,1,0,4
5,92,1,1,0
5,93,1,0,5
5,94,1,0,3
5,95,1,0,3
5,96,1,0,1
5,97,1,1,0
5,98,1,1,4
5,99,1,0,5
6,1,1,1,2
6,5,1,0,2
6,7,1,0,3
6,9,1,1,4
6,10,1,1,4
6,11,1,0,3
6,12,1,1,4
6,13,1,1,1
6,17,1,0,2
6,18,1,0,0
6,20,1,0,3
6,21,1,0,5
6,22,1,1,5
6,23,1,0,3
6,26,1,0,2
6,27,1,1,0
6,28,1,1,3
6,29,1,0,5
6,32,1,1,0
6,33,1,1,1
6,35,1,1,5
6,37,1,0,4
6,38,1,1,4
6,41,1,0,2
6,46,1,0,3
6,48,1,1,4
6,49,1,0,2
6,51,1,1,3
6,52,1,1,3
6,54,1,1,0
6,55,1,0,3
6,57,1,1,2
6,59,1,0,2
6,61,1,0,1
6,63,1,0,4
6,64,1,1,2
6,66,1,0,1
6,67,1,0,3
6,68,1,0,0
6,70,1,0,0
6,71,1,0,4
6,74,1,1,5
6,75,1,1,3
6,77,1,0,3
6,79,1,1,0
6,82,1,1,2
6,83,1,0,5
6,85,1,0,3
6,86,1,0,3
6,87,1,1,5
6,88,1,1,1
6,92,1,1,2
6,93,1,0,2
6,96,1,1,5
6,98,1,0,5
6,99,1,0,0
6,100,1,0,1
7,1,1,1,0
7,2,1,1,5
7,3,1,0,4
7,7,1,0,1
7,8,1,0,4
7,9,1,0,5
7,11,1,1,4
7,12,1,0,4
7,14,1,1,2
7,15,1,0,3
7,17,1,1,4
7,18,1,0,3
7,23,1,1,2
7,24,1,1,2
7,25,1,1,0
7,26,1,1,3
7,27,1,1,5
7,29,1,1,2
7,31,1,1,4
7,34,1,1,2
7,35,1,0,3
7,37,1,0,3
7,38,1,0,1
7,40,1,1,0
7,41,1,1,1
7,44,1,0,5
7,45,1,0,5
7,46,1,0,5
7,49,1,0,1
7,50,1,0,2
7,51,1,1,1
7,54,1,0,4
7,56,1,0,0
7,57,1,0,0
7,58,1,0,4
7,59,1,0,0
7,60,1,1,2
7,62,1,1,5
7,63,1,0,4
7,64,1,0,1
7,65,1,0,3
7,67,1,0,5
7,69,1,1,3
7,70,1,0,2
7,71,1,0,1
7,72,1,1,1
7,75,1,1,1
7,76,1,1,1
7,77,1,1,0
7,78,1,1,2
7,79,1,0,1
7,81,1,0,0
7,83,1,1,4
7,86,1,0,1
7,88,1,1,4
7,89,1,1,2
7,90,1,0,4
7,91,1,1,3
7,93,1,1,0
7,94,1,1,0
7,96,1,1,3
7,97,1,0,5
7,98,1,0,1
7,99,1,1,3
7,100,1,1,1
8,3,1,1,4
8,4,1,0,5
8,7,1,0,4
8,8,1,0,1
8,11,1,1,3
8,12,1,1,5
8,14,1,0,5
8,18,1,0,1
8,19,1,1,2
8,22,1,1,5
8,23,1,0,3
8,24,1,0,1
8,26,1,0,0
8,29,1,0,0
8,30,1,0,2
8,31,1,0,2
8,32,1,1,4
8,33,1,0,1
8,34,1,0,3
8,35,1,0,5
8,36,1,1,4
8,39,1,1,3
8,40,1,1,4
8,42,1,0,0
8,43,1,1,0
8,44,1,1,2
8,45,1,0,2
8,46,1,1,2
8,47,1,1,1
8,48,1,0,5
8,49,1,1,0
8,51,1,0,4
8,52,1,1,0
8,54,1,0,0
8,55,1,1,5
8,56,1,1,5
8,57,1,1,2
8,58,1,0,2
8,59,1,0,5
8,63,1,1,4
8,65,1,1,0
8,66,1,0,0
8,67,1,1,5
8,68,1,1,3
8,69,1,1,1
8,70,1,1,5
8,71,1,0,3
8,72,1,0,5
8,73,1,0,2
8,75,1,0,1
8,76,1,0,3
8,77,1,0,2
8,79,1,0,2
8,80,1,0,4
8,83,1,1,0
8,84,1,0,5
8,85,1,1,5
8,89,1,0,2
8,91,1,0,0
8,92,1,1,0
8,94,1,1,2
8,95,1,0,0
8,96,1,1,4
8,97,1,0,5
8,98,1,0,0
8,100,1,0,3
9,3,1,1,0
9,4,1,0,0
9,5,1,1,0
9,8,1,1,1
9,9,1,0,1
9,11,1,1,2
9,12,1,1,4
9,13,1,1,3
9,14,1,0,0
9,15,1,1,4
9,16,1,0,4
9,19,1,1,1
9,20,1,1,5
9,22,1,0,1
9,23,1,1,1
9,24,1,1,4
9,26,1,1,4
9,28,1,0,2
9,29,1,0,4
9,30,1,0,4
9,31,1,1,0
9,32,1,1,4
9,33,1,1,4
9,36,1,0,1
9,37,1,1,2
9,39,1,0,2
9,40,1,0,5
9,41,1,0,5
9,43,1,0,4
9,44,1,0,2
9,45,1,0,0
9,46,1,0,3
9,50,1,1,5
9,51,1,1,2
9,52,1,0,0
9,53,1,0,4
9,54,1,1,1
9,55,1,1,1
9,59,1,0,1
9,60,1,0,1
9,61,1,0,4
9,62,1,1,4
9,63,1,0,5
9,67,1,0,3
9,68,1,0,0
9,69,1,0,2
9,70,1,1,3
9,71,1,0,1
9,72,1,1,2
9,73,1,1,2
9,74,1,0,1
9,75,1,0,3
9,76,1,1,0
9,77,1,1,2
9,78,1,1,0
9,80,1,0,3
9,81,1,0,3
9,82,1,1,0
9,84,1,0,4
9,86,1,0,5
9,88,1,0,2
9,89,1,0,3
9,90,1,0,1
9,91,1,1,1
9,92,1,0,4
9,93,1,1,3
9,94,1,0,5
9,95,1,1,0
9,96,1,0,0
9,97,1,1,5
9,98,1,0,5
9,99,1,1,5
9,100,1,1,5
10,1,1,0,5
10,4,1,1,5
10,5,1,0,0
10,6,1,1,3
10,7,1,0,1
10,13,1,0,1
10,15,1,1,5
10,16,1,1,2
10,17,1,0,4
10,20,1,0,1
10,21,1,1,2
10,25,1,0,3
10,26,1,1,3
10,27,1,1,4
10,28,1,0,1
10,29,1,1,5
10,30,1,0,4
10,32,1,0,0
10,33,1,0,1
10,35,1,1,3
10,38,1,1,2
10,42,1,1,0
10,43,1,1,3
10,44,1,0,4
10,46,1,0,0
10,47,1,0,2
10,48,1,1,4
10,49,1,0,5
10,51,1,1,0
10,52,1,1,5
10,55,1,1,2
10,56,1,1,0
10,57,1,1,2
10,58,1,1,3
10,60,1,1,0
10,61,1,0,3
10,62,1,1,1
10,63,1,0,0
10,64,1,1,1
10,65,1,1,1
10,66,1,0,4
10,67,1,0,5
10,70,1,0,4
10,73,1,0,3
10,74,1,1,1
10,75,1,0,1
10,81,1,0,0
10,82,1,0,5
10,83,1,0,5
10,84,1,0,4
10,88,1,0,5
10,90,1,1,3
10,92,1,1,0
10,93,1,1,4
10,95,1,0,4
10,96,1,0,2
10,97,1,0,2
10,98,1,1,2
10,99,1,0,4
10,100,1,1,0
11,1,1,1,4
11,2,1,1,5
11,3,1,0,2
11,4,1,0,5
11,5,1,0,4
11,6,1,1,4
11,7,1,1,4
11,8,1,1,4
11,10,1,0,5
11,12,1,1,3
11,13,1,1,3
11,14,1,1,3
11,17,1,1,3
11,18,1,1,4
11,19,1,0,2
11,20,1,0,2
11,21,1,0,4
11,22,1,1,5
11,26,1,0,3
11,28,1,1,1
11,30,1,0,2
11,31,1,1,0
11,32,1,1,2
11,33,1,0,0
11,34,1,1,1
11,38,1,0,3
11,39,1,0,4
11,43,1,1,3
11,45,1,1,1
11,49,1,0,4
11,50,1,0,5
11,51,1,0,5
11,52,1,1,2
11,53,1,0,5
11,54,1,1,5
11,56,1,1,4
11,58,1,1,2
11,59,1,0,3
11,60,1,1,5
11,61,1,1,0
11,63,1,1,5
11,64,1,1,0
11,65,1,0,2
11,66,1,0,1
11,67,1,1,3
11,68,1,0,0
11,70,1,0,5
11,71,1,1,2
11,72,1,1,4
11,73,1,0,2
11,74,1,1,4
11,75,1,0,1
11,76,1,0,3
11,77,1,0,1
11,79,1,0,3
11,81,1,0,3
11,82,1,1,5
11,83,1,0,3
11,85,1,0,5
11,86,1,1,4
11,87,1,0,0
11,90,1,0,2
11,94,1,0,5
11,95,1,0,2
11,96,1,1,1
11,97,1,1,2
11,98,1,1,4
11,99,1,0,0
12,1,1,0,4
12,2,1,1,3
12,3,1,0,4
12,4,1,1,1
12,6,1,1,1
12,7,1,1,5
12,8,1,1,1
12,9,1,1,2
12,10,1,1,0
12,12,1,1,4
12,13,1,0,1
12,15,1,1,5
12,19,1,0,3
12,20,1,0,0
12,21,1,0,5
12,23,1,1,2
12,24,1,0,1
12,25,1,1,0
12,26,1,1,0
12,27,1,0,2
12,29,1,1,4
12,32,1,1,1
12,33,1,1,2
12,34,1,0,2
12,35,1,1,4
12,36,1,1,2
12,37,1,1,5
12,39,1,0,2
12,40,1,0,1
12,41,1,1,1
12,42,1,1,0
12,43,1,0,3
12,44,1,1,4
12,46,1,0,4
12,47,1,1,3
12,48,1,0,1
12,49,1,1,4
12,50,1,0,5
12,53,1,0,1
12,54,1,0,5
12,55,1,1,4
12,57,1,0,4
12,59,1,1,0
12,60,1,1,2
12,61,1,1,0
12,63,1,1,4
12,64,1,0,0
12,65,1,0,5
12,66,1,1,3
12,67,1,0,5
12,70,1,0,5
12,72,1,0,3
12,74,1,0,5
12,76,1,1,2
12,78,1,0,5
12,81,1,0,4
12,82,1,0,5
12,83,1,0,0
12,85,1,1,1
12,86,1,0,1
12,87,1,0,0
12,88,1,0,0
12,89,1,0,4
12,90,1,0,5
12,91,1,0,5
12,93,1,1,0
12,95,1,0,4
12,96,1,1,4
12,97,1,1,3
12,99,1,1,3
12,100,1,1,4
13,2,1,0,3
13,3,1,0,1
13,4,1,1,2
13,6,1,0,3
13,9,1,0,5
13,10,1,0,5
13,11,1,1,1
13,15,1,0,0
13,16,1,1,5
13,17,1,0,3
13,18,1,1,5
13,19,1,0,5
13,20,1,1,0
13,21,1,1,5
13,22,1,0,5
13,23,1,0,1
13,24,1,1,2
13,25,1,0,0
13,26,1,1,5
13,27,1,0,0
13,28,1,0,4
13,31,1,1,5
13,32,1,1,5
13,33,1,1,2
13,36,1,1,1
13,37,1,1,1
13,40,1,0,5
13,41,1,0,5
13,43,1,0,5
13,44,1,0,0
13,46,1,0,2
13,47,1,0,1
13,48,1,1,3
13,50,1,1,3
13,51,1,0,2
13,53,1,0,3
13,56,1,1,4
13,57,1,1,1
13,59,1,0,1
13,60,1,0,4
13,61,1,0,5
13,62,1,1,1
13,63,1,0,2
13,65,1,0,3
13,67,1,0,3
13,68,1,1,1
13,69,1,0,1
13,70,1,1,3
13,73,1,1,2
13,75,1,0,0
13,76,1,0,3
13,78,1,0,0
13,79,1,1,3
13,80,1,0,2
13,81,1,1,0
13,84,1,1,4
13,85,1,0,3
13,87,1,0,5
13,89,1,1,3
13,90,1,1,0
13,91,1,0,2
13,92,1,1,4
13,93,1,1,2
13,95,1,0,2
13,98,1,1,4
13,99,1,1,1
13,100,1,0,5
14,2,1,1,5
14,3,1,0,2
14,5,1,1,2
14,6,1,1,3
14,7,1,1,5
14,8,1,1,2
14,9,1,0,1
14,11,1,0,1
14,12,1,0,3
14,13,1,0,4
14,14,1,0,4
14,17,1,0,3
14,18,1,0,4
14,20,1,1,4
14,21,1,1,4
14,22,1,1,0
14,23,1,1,2
14,24,1,0,5
14,27,1,0,4
14,28,1,0,5
14,30,1,1,5
14,31,1,1,4
14,32,1,0,2
14,33,1,1,1
14,35,1,0,0
14,36,1,1,1
14,37,1,1,3
14,38,1,0,4
14,39,1,0,1
14,40,1,1,1
14,41,1,1,2
14,42,1,1,3
14,43,1,0,1
14,44,1,1,3
14,45,1,0,5
14,46,1,1,1
14,47,1,1,4
14,49,1,0,4
14,52,1,0,3
14,53,1,0,2
14,55,1,0,5
14,57,1,1,2
14,59,1,0,3
14,60,1,1,0
14,61,1,1,2
14,62,1,1,2
14,63,1,0,1
14,66,1,0,5
14,67,1,1,2
14,68,1,0,1
14,70,1,0,3
14,73,1,1,4
14,75,1,1,4
14,77,1,1,3
14,79,1,0,2
14,80,1,0,1
14,81,1,1,2
14,82,1,0,0
14,83,1,1,0
14,85,1,1,5
14,86,1,0,2
14,87,1,1,3
14,88,1,1,1
14,89,1,1,0
14,90,1,1,0
14,91,1,0,0
14,92,1,1,2
14,94,1,1,3
14,95,1,0,3
14,96,1,1,5
14,97,1,0,1
14,98,1,0,2
14,99,1,1,2
14,100,1,1,2
15,1,1,0,3
15,2,1,1,2
15,4,1,1,1
15,7,1,1,5
15,8,1,1,4
15,9,1,1,0
15,11,1,1,3
15,14,1,0,3
15,17,1,1,0
15,18,1,1,3
15,19,1,1,0
15,20,1,0,0
15,21,1,1,3
15,22,1,0,3
15,23,1,0,3
15,25,1,0,1
15,26,1,0,2
15,30,1,1,0
15,31,1,0,5
15,33,1,0,5
15,34,1,0,5
15,36,1,1,3
15,39,1,1,5
15,40,1,0,0
15,41,1,0,0
15,42,1,1,2
15,43,1,1,3
15,44,1,1,2
15,45,1,0,3
15,48,1,0,0
15,49,1,1,3
15,50,1,0,0
15,51,1,0,5
15,54,1,1,3
15,55,1,0,0
15,56,1,0,3
15,58,1,0,2
15,59,1,0,3
15,61,1,0,1
15,62,1,1,2
15,63,1,1,5
15,64,1,1,3
15,65,1,1,4
15,68,1,0,5
15,69,1,0,2
15,70,1,0,4
15,71,1,1,2
15,72,1,0,3
15,76,1,1,3
15,77,1,1,5
15,79,1,1,1
15,81,1,0,1
15,83,1,0,2
15,84,1,0,3
15,87,1,1,2
15,88,1,0,3
15,90,1,1,4
15,91,1,1,5
15,93,1,0,4
15,94,1,0,1
15,95,1,1,0
15,96,1,1,0
15,97,1,0,3
15,99,1,1,2
16,3,1,0,4
16,4,1,1,0
16,5,1,1,3
16,6,1,1,4
16,7,1,1,4
16,8,1,1,1
16,10,1,0,5
16,11,1,1,5
16,13,1,1,1
16,16,1,0,1
16,17,1,1,0
16,18,1,0,3
16,19,1,1,3
16,21,1,1,5
16,23,1,0,5
16,24,1,0,4
16,25,1,1,0
16,26,1,0,5
16,27,1,1,0
16,28,1,1,5
16,29,1,1,0
16,30,1,1,1
16,31,1,1,1
16,33,1,1,4
16,35,1,0,1
16,36,1,0,5
16,37,1,1,2
16,39,1,0,2
16,40,1,1,4
16,42,1,1,5
16,44,1,0,2
16,45,1,1,3
16,47,1,0,4
16,48,1,1,0
16,50,1,1,1
16,52,1,0,4
16,53,1,0,1
16,54,1,0,2
16,55,1,0,5
16,57,1,1,3
16,60,1,1,4
16,61,1,1,2
16,62,1,0,4
16,63,1,1,3
16,64,1,0,1
16,65,1,1,1
16,67,1,0,3
16,68,1,1,1
16,69,1,1,2
16,70,1,1,1
16,71,1,0,0
16,72,1,1,2
16,73,1,1,4
16,74,1,0,1
16,75,1,0,1
16,76,1,1,3
16,77,1,0,1
16,78,1,0,4
16,79,1,1,2
16,80,1,0,2
16,81,1,1,2
16,82,1,0,1
16,83,1,1,0
16,93,1,0,2
16,94,1,1,1
16,95,1,0,4
16,99,1,1,5
16,100,1,1,0
17,1,1,1,0
17,2,1,0,0
17,4,1,1,0
17,5,1,1,3
17,6,1,1,3
17,8,1,1,3
17,9,1,0,0
17,10,1,0,4
17,12,1,0,1
17,13,1,1,3
17,14,1,1,4
17,15,1,0,3
17,16,1,0,2
17,17,1,0,1
17,18,1,1,3
17,19,1,0,4
17,20,1,1,4
17,22,1,1,1
17,23,1,1,4
17,25,1,0,5
17,26,1,1,4
17,27,1,1,4
17,28,1,1,3
17,31,1,0,2
17,32,1,1,3
17,35,1,0,5
17,36,1,1,2
17,37,1,0,1
17,38,1,0,5
17,42,1,0,5
17,43,1,1,0
17,44,1,0,4
17,45,1,1,5
17,46,1,0,2
17,47,1,1,2
17,48,1,1,3
17,49,1,0,5
17,51,1,0,3
17,56,1,1,2
17,57,1,1,4
17,58,1,1,4
17,59,1,0,5
17,60,1,0,2
17,62,1,1,1
17,64,1,1,2
17,65,1,0,5
17,66,1,1,0
17,67,1,1,0
17,68,1,0,5
17,69,1,1,1
17,70,1,0,1
17,71,1,1,2
17,72,1,0,3
17,73,1,0,1
17,74,1,0,4
17,76,1,0,2
17,77,1,0,2
17,79,1,0,4
17,80,1,0,5
17,81,1,0,5
17,83,1,0,0
17,84,1,0,1
17,87,1,1,5
17,88,1,1,5
17,89,1,0,4
17,90,1,0,5
17,92,1,0,0
17,94,1,1,5
17,95,1,1,1
17,96,1,0,2
17,97,1,0,4
17,98,1,1,3
17,99,1,0,5
18,2,1,1,0
18,3,1,0,2
18,4,1,0,2
18,5,1,0,3
18,6,1,1,4
18,14,1,1,1
18,15,1,0,5
18,19,1,1,1
18,20,1,1,0
18,21,1,1,0
18,23,1,1,1
18,24,1,0,1
18,25,1,1,1
18,26,1,1,4
18,27,1,0,5
18,28,1,0,4
18,30,1,0,4
18,31,1,1,1
18,32,1,1,2
18,33,1,0,3
18,34,1,1,1
18,35,1,1,0
18,37,1,1,1
18,39,1,1,0
18,40,1,0,5
18,42,1,1,2
18,43,1,1,1
18,45,1,0,3
18,46,1,1,0
18,48,1,0,3
18,50,1,0,0
18,52,1,0,2
18,53,1,1,4
18,54,1,0,5
18,57,1,0,2
18,59,1,0,4
18,60,1,1,5
18,62,1,0,3
18,64,1,0,4
18,65,1,1,3
18,68,1,0,2
18,69,1,1,2
18,70,1,1,0
18,74,1,1,5
18,75,1,1,3
18,76,1,1,4
18,78,1,0,4
18,80,1,1,0
18,81,1,0,4
18,84,1,0,1
18,85,1,0,0
18,86,1,1,2
18,87,1,1,3
18,88,1,1,2
18,89,1,0,2
18,90,1,1,0
18,92,1,0,0
18,93,1,1,3
18,94,1,0,0
18,96,1,1,0
18,97,1,0,1
18,99,1,1,0
18,100,1,1,3
19,2,1,1,3
19,3,1,0,4
19,5,1,1,3
19,6,1,0,0
19,7,1,1,0
19,8,1,1,1
19,9,1,0,0
19,12,1,0,3
19,13,1,1,2
19,14,1,0,1
19,15,1,0,0
19,19,1,0,4
19,20,1,1,0
19,21,1,1,2
19,23,1,0,0
19,24,1,1,2
19,25,1,1,2
19,26,1,0,3
19,27,1,0,4
19,28,1,1,3
19,30,1,0,3
19,31,1,0,1
19,33,1,1,5
19,34,1,0,1
19,35,1,1,3
19,39,1,0,4
19,40,1,1,2
19,44,1,1,3
19,45,1,0,5
19,46,1,0,0
19,47,1,0,1
19,48,1,1,5
19,49,1,1,2
19,50,1,1,1
19,52,1,0,4
19,54,1,0,5
19,59,1,1,5
19,60,1,0,4
19,61,1,0,0
19,62,1,0,1
19,64,1,1,2
19,65,1,1,5
19,67,1,1,4
19,68,1,0,0
19,69,1,0,5
19,72,1,0,1
19,73,1,1,5
19,74,1,1,2
19,75,1,1,4
19,76,1,1,0
19,77,1,0,2
19,78,1,0,2
19,79,1,1,3
19,81,1,0,3
19,82,1,1,2
19,84,1,1,0
19,91,1,1,0
19,92,1,0,0
19,93,1,1,2
19,94,1,1,4
19,95,1,1,4
19,96,1,1,1
19,97,1,1,2
19,100,1,0,3
20,1,1,0,3
20,2,1,0,0
20,3,1,0,0
20,4,1,1,2
20,5,1,1,3
20,6,1,0,0
20,7,1,0,3
20,8,1,0,4
20,9,1,0,0
20,10,1,0,1
20,11,1,1,3
20,12,1,1,3
20,13,1,0,1
20,14,1,0,5
20,15,1,0,4
20,16,1,1,2
20,18,1,1,0
20,19,1,1,2
20,21,1,1,0
20,22,1,0,4
20,23,1,1,0
20,24,1,1,0
20,27,1,1,4
20,28,1,0,5
20,30,1,0,4
20,32,1,0,3
20,33,1,1,1
20,34,1,1,3
20,36,1,1,2
20,37,1,0,4
20,38,1,1,5
20,39,1,1,3
20,41,1,0,2
20,43,1,0,1
20,44,1,1,1
20,45,1,1,0
20,46,1,0,0
20,47,1,1,5
20,48,1,1,1
20,49,1,0,3
20,51,1,1,4
20,52,1,0,2
20,53,1,1,1
20,54,1,0,1
20,55,1,0,5
20,56,1,1,3
20,57,1,1,1
20,59,1,1,5
20,61,1,1,4
20,64,1,0,2
20,66,1,0,4
20,67,1,0,1
20,69,1,1,3
20,71,1,1,5
20,73,1,0,4
20,74,1,1,5
20,75,1,1,3
20,76,1,1,5
20,77,1,0,0
20,78,1,1,0
20,79,1,1,5
20,80,1,1,0
20,81,1,0,1
20,82,1,0,2
20,84,1,1,1
20,85,1,1,5
20,87,1,0,4
20,92,1,0,2
20,93,1,1,5
20,95,1,1,0
20,98,1,0,3
20,99,1,0,4
20,100,1,0,1
21,1,1,0,1
21,4,1,0,5
21,5,1,1,0
21,6,1,1,5
21,8,1,1,3
21,11,1,0,2
21,13,1,0,5
21,15,1,0,0
21,16,1,0,0
21,17,1,1,5
21,19,1,0,5
21,20,1,0,3
21,21,1,0,1
21,22,1,0,1
21,23,1,0,1
21,25,1,1,4
21,27,1,0,3
21,28,1,0,3
21,30,1,1,1
21,33,1,1,0
21,35,1,0,3
21,37,1,1,5
21,38,1,1,1
21,40,1,1,1
21,41,1,0,3
21,43,1,0,1
21,46,1,1,1
21,47,1,1,1
21,48,1,1,1
21,49,1,0,2
21,51,1,0,0
21,53,1,1,4
21,54,1,1,0
21,55,1,0,5
21,56,1,0,2
21,57,1,1,0
21,58,1,1,0
21,60,1,1,3
21,61,1,1,3
21,62,1,0,3
21,64,1,1,2
21,66,1,1,3
21,67,1,1,4
21,68,1,1,2
21,69,1,0,4
21,71,1,1,5
21,72,1,0,0
21,74,1,1,3
21,75,1,0,4
21,76,1,1,2
21,77,1,0,3
21,79,1,1,3
21,80,1,0,2
21,81,1,0,0
21,82,1,0,0
21,83,1,0,1
21,84,1,1,2
21,85,1,1,0
21,86,1,0,3
21,88,1,0,4
21,89,1,0,3
21,90,1,1,2
21,91,1,0,2
21,92,1,1,1
21,94,1,1,4
21,95,1,1,5
21,97,1,1,0
21,98,1,0,3
21,100,1,0,1
22,1,1,1,1
22,5,1,0,1
22,6,1,0,0
22,7,1,0,0
22,8,1,0,4
22,9,1,1,2
22,10,1,0,3
22,11,1,1,4
22,12,1,1,3
22,13,1,1,0
22,16,1,0,3
22,19,1,0,4
22,21,1,1,2
22,22,1,0,4
22,25,1,1,0
22,26,1,1,2
22,27,1,0,3
22,28,1,1,3
22,31,1,1,0
22,32,1,0,2
22,33,1,1,2
22,34,1,0,1
22,35,1,1,4
22,36,1,1,5
22,38,1,1,3
22,39,1,1,4
22,41,1,1,0
22,42,1,0,1
22,43,1,1,1
22,44,1,0,4
22,46,1,0,3
22,47,1,1,5
22,48,1,0,4
22,53,1,1,5
22,54,1,1,5
22,55,1,0,3
22,56,1,0,3
22,59,1,0,5
22,60,1,0,3
22,61,1,0,2
22,62,1,0,2
22,63,1,1,4
22,64,1,0,5
22,65,1,0,4
22,67,1,0,5
22,68,1,0,3
22,69,1,1,4
22,71,1,0,0
22,72,1,1,2
22,74,1,1,3
22,75,1,1,4
22,77,1,1,4
22,78,1,0,0
22,79,1,1,2
22,80,1,0,3
22,81,1,1,1
22,83,1,0,1
22,84,1,0,4
22,86,1,1,5
22,88,1,1,5
22,89,1,0,2
22,91,1,0,5
22,92,1,1,5
22,93,1,0,2
22,94,1,1,1
22,95,1,1,5
22,97,1,0,5
22,98,1,0,0
22,99,1,0,2
23,1,1,0,1
23,4,1,0,5
23,5,1,0,2
23,6,1,1,2
23,7,1,0,1
23,8,1,0,1
23,9,1,1,3
23,12,1,0,1
23,13,1,1,0
23,15,1,1,3
23,16,1,1,2
23,17,1,1,5
23,18,1,1,4
23,19,1,1,3
23,20,1,1,5
23,21,1,1,3
23,22,1,0,5
23,23,1,1,0
23,24,1,0,5
23,27,1,1,5
23,29,1,0,2
23,31,1,0,0
23,32,1,1,0
23,33,1,1,4
23,34,1,1,4
23,35,1,0,3
23,36,1,1,5
23,37,1,1,3
23,38,1,1,5
23,39,1,1,1
23,40,1,0,4
23,42,1,0,0
23,43,1,1,1
23,44,1,1,5
23,46,1,1,2
23,48,1,0,3
23,49,1,1,0
23,51,1,0,0
23,52,1,0,2
23,53,1,1,5
23,54,1,1,2
23,55,1,0,0
23,57,1,1,2
23,58,1,1,2
23,59,1,0,2
23,60,1,0,1
23,63,1,0,2
23,64,1,1,4
23,65,1,0,3
23,66,1,0,1
23,67,1,1,5
23,69,1,1,4
23,71,1,1,3
23,73,1,1,3
23,74,1,0,4
23,75,1,0,3
23,76,1,0,5
23,77,1,1,2
23,78,1,1,2
23,80,1,0,3
23,81,1,0,0
23,84,1,0,5
23,85,1,1,3
23,86,1,0,5
23,89,1,0,1
23,93,1,1,3
23,94,1,0,5
23,95,1,0,5
23,96,1,0,2
23,97,1,1,5
23,98,1,1,0
23,99,1,1,3
24,1,1,0,0
24,3,1,1,3
24,4,1,0,3
24,5,1,1,0
24,6,1,1,5
24,7,1,1,1
24,8,1,1,2
24,9,1,1,3
24,10,1,0,1
24,11,1,1,2
24,14,1,0,2
24,17,1,0,3
24,19,1,0,4
24,20,1,1,0
24,23,1,0,1
24,24,1,0,5
24,25,1,1,3
24,26,1,0,4
24,27,1,0,1
24,28,1,0,2
24,30,1,0,1
24,31,1,1,3
24,32,1,0,2
24,33,1,0,5
24,35,1,1,4
24,36,1,1,0
24,38,1,1,5
24,41,1,1,3
24,42,1,1,0
24,43,1,1,4
24,44,1,0,1
24,47,1,1,2
24,48,1,1,5
24,51,1,1,3
24,54,1,1,2
24,55,1,0,3
24,56,1,0,5
24,58,1,0,0
24,59,1,0,0
24,60,1,1,5
24,61,1,1,0
24,62,1,1,0
24,63,1,1,2
24,65,1,1,1
24,66,1,1,4
24,68,1,1,0
24,69,1,0,5
24,74,1,1,2
24,75,1,1,5
24,76,1,1,3
24,78,1,1,4
24,79,1,1,5
24,80,1,0,4
24,82,1,0,4
24,83,1,1,4
24,84,1,1,3
24,85,1,1,3
24,86,1,0,4
24,87,1,0,0
24,88,1,1,3
24,90,1,0,1
24,92,1,0,1
24,95,1,0,5
24,96,1,0,3
24,98,1,0,0
24,100,1,0,2
25,1,1,0,2
25,2,1,0,3
25,4,1,0,2
25,5,1,1,5
25,6,1,0,0
25,7,1,1,5
25,8,1,1,5
25,9,1,0,3
25,10,1,1,4
25,11,1,0,5
25,13,1,0,3
25,15,1,1,4
25,16,1,0,2
25,17,1,1,2
25,19,1,0,4
25,23,1,1,5
25,25,1,1,5
25,26,1,0,4
25,27,1,1,0
25,28,1,0,0
25,29,1,0,2
25,30,1,1,3
25,31,1,1,4
25,32,1,1,2
25,34,1,0,5
25,35,1,1,5
25,36,1,1,1
25,37,1,1,3
25,38,1,1,4
25,40,1,1,2
25,41,1,1,1
25,42,1,0,4
25,45,1,0,3
25,46,1,0,2
25,47,1,0,2
25,48,1,1,5
25,49,1,0,3
25,50,1,0,4
25,51,1,1,2
25,52,1,1,1
25,53,1,1,0
25,55,1,0,2
25,57,1,1,5
25,58,1,0,5
25,60,1,0,5
25,62,1,0,0
25,63,1,1,2
25,64,1,0,0
25,66,1,0,2
25,69,1,1,0
25,70,1,0,2
25,71,1,1,0
25,72,1,0,4
25,73,1,1,1
25,74,1,1,2
25,78,1,0,5
25,79,1,0,2
25,81,1,0,5
25,82,1,0,0
25,84,1,0,3
25,85,1,1,3
25,86,1,1,3
25,87,1,0,0
25,88,1,0,0
25,92,1,0,3
25,93,1,0,4
25,94,1,1,2
25,95,1,1,0
25,97,1,0,1
25,98,1,0,4
25,100,1,1,0
26,1,1,1,2
26,2,1,1,0
26,3,1,1,3
26,4,1,0,3
26,5,1,1,4
26,6,1,1,2
26,7,1,0,4
26,10,1,0,0
26,11,1,1,5
26,12,1,0,1
26,13,1,1,1
26,15,1,1,4
26,18,1,0,0
26,19,1,0,4
26,20,1,1,1
26,22,1,1,5
26,26,1,1,1
26,27,1,1,4
26,28,1,1,3
26,29,1,1,1
26,30,1,0,2
26,34,1,1,0
26,37,1,0,4
26,38,1,0,0
26,39,1,0,3
26,41,1,0,5
26,42,1,1,4
26,44,1,0,2
26,45,1,0,4
26,47,1,0,5
26,48,1,0,3
26,49,1,0,1
26,50,1,0,5
26,51,1,1,3
26,53,1,1,1
26,54,1,1,3
26,55,1,0,3
26,56,1,0,2
26,57,1,0,2
26,60,1,0,5
26,61,1,1,1
26,63,1,0,0
26,64,1,0,3
26,67,1,0,5
26,68,1,0,3
26,71,1,1,3
26,72,1,1,0
26,74,1,1,3
26,76,1,1,1
26,78,1,0,5
26,79,1,0,3
26,80,1,0,1
26,81,1,0,0
26,82,1,1,0
26,85,1,1,2
26,86,1,0,3
26,87,1,0,3
26,88,1,0,0
26,89,1,1,0
26,92,1,1,3
26,93,1,1,4
26,94,1,1,3
26,95,1,0,4
26,96,1,1,2
26,97,1,0,3
26,100,1,1,5
27,1,1,0,3
27,2,1,1,0
27,3,1,0,2
27,5,1,0,4
27,7,1,0,1
27,8,1,1,1
27,9,1,1,2
27,12,1,1,4
27,14,1,1,0
27,16,1,1,2
27,18,1,1,4
27,20,1,1,2
27,21,1,1,3
27,22,1,0,4
27,23,1,1,0
27,24,1,0,1
27,26,1,1,1
27,30,1,0,2
27,31,1,1,4
27,32,1,1,0
27,34,1,0,3
27,35,1,1,3
27,36,1,0,4
27,39,1,0,4
27,42,1,0,4
27,44,1,0,4
27,45,1,0,0
27,46,1,0,1
27,48,1,0,5
27,51,1,1,2
27,53,1,1,4
27,54,1,0,2
27,55,1,0,3
27,56,1,1,3
27,57,1,0,5
27,59,1,1,5
27,62,1,1,3
27,63,1,0,5
27,64,1,0,4
27,65,1,0,5
27,66,1,1,5
27,67,1,0,2
27,69,1,1,0
27,70,1,0,2
27,71,1,1,0
27,72,1,1,5
27,73,1,0,5
27,75,1,0,5
27,76,1,1,0
27,77,1,0,1
27,78,1,0,2
27,80,1,0,5
27,81,1,0,1
27,82,1,0,4
27,84,1,0,1
27,85,1,0,1
27,86,1,1,0
27,87,1,1,0
27,92,1,1,5
27,94,1,0,5
27,98,1,1,5
28,1,1,1,3
28,2,1,0,5
28,3,1,0,5
28,4,1,0,1
28,5,1,0,3
28,8,1,1,3
28,10,1,1,0
28,11,1,0,4
28,12,1,0,1
28,13,1,1,1
28,14,1,0,3
28,15,1,0,2
28,16,1,1,5
28,17,1,1,1
28,22,1,1,2
28,23,1,0,2
28,24,1,1,3
28,25,1,1,5
28,26,1,1,1
28,28,1,0,2
28,29,1,0,5
28,33,1,1,0
28,35,1,1,2
28,36,1,0,4
28,37,1,1,4
28,38,1,1,4
28,40,1,1,0
28,43,1,0,3
28,44,1,0,4
28,45,1,0,2
28,46,1,0,5
28,47,1,1,1
28,48,1,1,1
28,49,1,0,1
28,50,1,0,0
28,51,1,0,0
28,54,1,0,4
28,55,1,1,1
28,56,1,0,0
28,57,1,0,4
28,58,1,1,3
28,59,1,0,1
28,60,1,0,1
28,61,1,1,0
28,62,1,0,2
28,65,1,1,3
28,66,1,0,5
28,68,1,1,4
28,70,1,1,5
28,72,1,0,4
28,73,1,0,4
28,75,1,1,5
28,76,1,1,4
28,78,1,1,2
28,81,1,1,5
28,83,1,0,2
28,84,1,0,3
28,85,1,0,0
28,86,1,0,1
28,88,1,0,2
28,90,1,0,3
28,92,1,1,1
28,93,1,0,1
28,94,1,1,1
28,95,1,1,0
28,96,1,1,0
28,99,1,0,5
28,100,1,1,2
29,2,1,0,5
29,3,1,0,5
29,4,1,1,3
29,6,1,0,4
29,7,1,1,4
29,8,1,1,2
29,10,1,1,0
29,13,1,1,1
29,15,1,0,2
29,16,1,1,2
29,19,1,0,0
29,20,1,1,3
29,21,1,0,1
29,22,1,0,5
29,23,1,1,2
29,24,1,0,3
29,25,1,0,5
29,26,1,1,2
29,28,1,1,4
29,29,1,0,2
29,31,1,0,4
29,32,1,0,0
29,33,1,0,0
29,34,1,1,4
29,35,1,0,4
29,37,1,0,1
29,38,1,0,2
29,39,1,0,0
29,40,1,0,1
29,41,1,1,2
29,42,1,0,4
29,43,1,1,1
29,48,1,1,4
29,49,1,0,1
29,50,1,0,0
29,53,1,0,1
29,54,1,1,0
29,55,1,0,4
29,58,1,0,4
29,60,1,0,2
29,62,1,1,3
29,63,1,0,2
29,64,1,0,3
29,66,1,0,4
29,67,1,1,5
29,68,1,1,4
29,69,1,1,1
29,70,1,0,5
29,71,1,0,1
29,72,1,0,3
29,73,1,1,2
29,76,1,0,0
29,77,1,0,2
29,78,1,0,4
29,79,1,1,2
29,80,1,0,3
29,82,1,0,1
29,83,1,1,2
29,85,1,1,5
29,86,1,1,3
29,87,1,0,2
29,93,1,0,5
29,94,1,0,0
29,95,1,0,5
29,96,1,1,4
29,97,1,0,4
29,99,1,1,4
29,100,1,0,2
30,1,1,1,4
30,2,1,1,2
30,3,1,0,1
30,4,1,0,2
30,7,1,1,1
30,8,1,1,4
30,9,1,0,2
30,10,1,1,1
30,12,1,1,3
30,13,1,1,0
30,14,1,1,5
30,15,1,0,5
30,16,1,1,4
30,17,1,0,0
30,18,1,0,0
30,19,1,0,0
30,20,1,1,4
30,21,1,0,5
30,24,1,1,4
30,25,1,1,5
30,26,1,0,2
30,27,1,1,3
30,29,1,1,4
30,30,1,1,4
30,31,1,0,0
30,32,1,0,4
30,33,1,0,5
30,34,1,0,3
30,36,1,0,2
30,40,1,0,3
30,41,1,0,2
30,42,1,1,0
30,43,1,1,2
30,44,1,1,5
30,45,1,0,5
30,47,1,0,2
30,49,1,0,2
30,50,1,1,5
30,51,1,0,4
30,52,1,1,1
30,54,1,1,5
30,55,1,0,5
30,57,1,1,1
30,58,1,0,1
30,59,1,0,3
30,60,1,1,4
30,62,1,1,1
30,63,1,0,4
30,64,1,0,1
30,65,1,1,1
30,66,1,0,3
30,67,1,1,0
30,68,1,1,0
30,69,1,1,3
30,70,1,0,3
30,71,1,1,4
30,73,1,0,0
30,75,1,1,5
30,76,1,0,1
30,81,1,1,3
30,82,1,0,1
30,83,1,1,3
30,84,1,0,3
30,85,1,0,2
30,87,1,1,4
30,88,1,1,0
30,91,1,1,5
30,93,1,0,5
30,94,1,0,2
30,96,1,0,3
30,98,1,0,2
30,99,1,0,0
30,100,1,0,3
31,2,1,0,1
31,3,1,1,3
31,5,1,0,5
31,6,1,1,5
31,7,1,1,1
31,8,1,1,0
31,10,1,1,4
31,14,1,0,5
31,15,1,0,3
31,16,1,1,4
31,17,1,0,4
31,20,1,0,5
31,21,1,1,5
31,26,1,0,5
31,27,1,0,3
31,28,1,1,0
31,29,1,0,2
31,30,1,0,2
31,32,1,1,4
31,34,1,0,0
31,36,1,0,2
31,37,1,0,4
31,38,1,1,4
31,39,1,0,2
31,40,1,1,4
31,41,1,0,1
31,44,1,0,3
31,45,1,1,0
31,46,1,1,3
31,47,1,1,4
31,48,1,0,1
31,49,1,0,1
31,52,1,1,5
31,53,1,0,0
31,55,1,1,2
31,56,1,0,2
31,58,1,1,3
31,59,1,1,1
31,60,1,1,4
31,61,1,0,2
31,62,1,1,1
31,63,1,1,3
31,64,1,1,5
31,65,1,1,2
31,68,1,1,2
31,69,1,0,0
31,71,1,0,0
31,72,1,0,5
31,73,1,0,5
31,74,1,1,2
31,75,1,1,1
31,76,1,0,4
31,77,1,1,3
31,78,1,1,0
31,80,1,1,4
31,81,1,1,4
31,82,1,1,5
31,83,1,0,1
31,86,1,1,2
31,89,1,0,4
31,90,1,1,3
31,93,1,1,0
31,95,1,0,4
31,97,1,1,3
31,98,1,1,5
31,99,1,1,2
32,2,1,0,0
32,4,1,0,0
32,6,1,0,5
32,7,1,1,2
32,10,1,0,5
32,11,1,0,2
32,12,1,1,5
32,14,1,1,3
32,15,1,1,0
32,17,1,1,3
32,19,1,1,1
32,20,1,1,0
32,26,1,0,4
32,27,1,1,3
32,29,1,1,2
32,31,1,0,2
32,34,1,1,5
32,35,1,1,1
32,36,1,1,5
32,37,1,0,2
32,40,1,1,1
32,41,1,0,3
32,42,1,1,1
32,44,1,0,5
32,45,1,0,3
32,46,1,1,5
32,47,1,0,5
32,48,1,1,3
32,49,1,0,4
32,50,1,0,3
32,51,1,0,4
32,54,1,1,5
32,55,1,0,2
32,56,1,1,2
32,58,1,0,1
32,59,1,0,2
32,60,1,1,2
32,61,1,1,0
32,63,1,0,2
32,64,1,0,4
32,65,1,1,4
32,66,1,0,2
32,70,1,0,2
32,73,1,1,0
32,74,1,1,2
32,75,1,0,1
32,76,1,0,0
32,78,1,0,5
32,79,1,1,3
32,82,1,1,5
32,83,1,0,5
32,86,1,1,5
32,87,1,1,1
32,89,1,0,5
32,90,1,0,3
32,92,1,1,1
32,93,1,0,0
32,94,1,0,1
32,95,1,0,1
32,96,1,1,2
32,98,1,1,4
32,99,1,0,1
32,100,1,0,4
33,2,1,0,5
33,3,1,0,5
33,4,1,1,4
33,5,1,0,0
33,6,1,0,5
33,7,1,0,4
33,8,1,1,3
33,9,1,1,5
33,11,1,1,2
33,12,1,1,4
33,15,1,1,0
33,16,1,0,3
33,18,1,0,1
33,22,1,1,5
33,24,1,0,0
33,26,1,0,3
33,27,1,1,5
33,28,1,1,2
33,30,1,1,0
33,32,1,1,5
33,33,1,1,2
33,35,1,1,1
33,36,1,1,1
33,38,1,0,3
33,40,1,0,5
33,41,1,1,0
33,42,1,1,5
33,43,1,1,5
33,44,1,1,4
33,50,1,0,1
33,51,1,0,4
33,52,1,1,5
33,54,1,0,5
33,55,1,1,1
33,56,1,0,3
33,57,1,0,0
33,60,1,1,5
33,62,1,0,1
33,63,1,0,4
33,64,1,1,1
33,66,1,1,4
33,67,1,0,3
33,68,1,1,4
33,70,1,0,4
33,71,1,0,0
33,72,1,0,1
33,73,1,1,2
33,76,1,0,1
33,77,1,1,0
33,78,1,0,4
33,80,1,1,5
33,81,1,0,4
33,82,1,1,2
33,83,1,0,2
33,84,1,0,3
33,85,1,0,2
33,86,1,1,2
33,87,1,0,5
33,88,1,1,4
33,89,1,0,1
33,91,1,1,5
33,92,1,0,1
33,94,1,0,2
33,95,1,0,3
33,96,1,1,1
33,97,1,0,4
33,98,1,0,3
33,99,1,0,2
33,100,1,0,1
34,1,1,1,1
34,3,1,1,1
34,4,1,1,2
34,6,1,0,0
34,8,1,1,4
34,9,1,0,1
34,11,1,1,3
34,12,1,1,1
34,13,1,0,1
34,14,1,1,0
34,15,1,1,2
34,17,1,1,3
34,19,1,1,3
34,23,1,1,0
34,24,1,0,4
34,25,1,0,2
34,26,1,0,3
34,27,1,0,5
34,29,1,0,2
34,30,1,1,5
34,31,1,1,4
34,33,1,0,4
34,37,1,1,1
34,38,1,1,5
34,39,1,0,1
34,40,1,1,4
34,41,1,0,0
34,42,1,0,2
34,43,1,1,5
34,44,1,0,1
34,46,1,0,3
34,47,1,1,4
34,48,1,0,4
34,50,1,0,1
34,51,1,0,5
34,52,1,0,0
34,53,1,0,1
34,54,1,1,0
34,55,1,1,2
34,56,1,1,4
34,57,1,1,4
34,58,1,1,4
34,60,1,0,3
34,61,1,0,4
34,62,1,1,1
34,64,1,0,3
34,67,1,0,0
34,68,1,0,0
34,70,1,1,1
34,71,1,0,0
34,73,1,0,1
34,75,1,1,5
34,76,1,0,1
34,77,1,0,3
34,78,1,1,4
34,80,1,0,0
34,81,1,0,2
34,82,1,1,1
34,85,1,0,2
34,86,1,1,1
34,87,1,1,3
34,88,1,1,5
34,89,1,1,2
34,90,1,1,5
34,91,1,1,3
34,92,1,0,0
34,93,1,0,3
34,94,1,0,1
34,95,1,1,3
34,96,1,0,4
34,98,1,1,4
34,99,1,1,3
34,100,1,0,1
35,1,1,1,4
35,3,1,0,0
35,4,1,1,1
35,6,1,0,1
35,7,1,0,3
35,8,1,0,5
35,10,1,0,4
35,12,1,0,2
35,13,1,1,5
35,14,1,0,4
35,15,1,0,4
35,17,1,1,3
35,18,1,1,5
35,20,1,0,5
35,21,1,0,0
35,22,1,1,0
35,23,1,0,5
35,25,1,1,3
35,26,1,1,2
35,27,1,1,4
35,29,1,1,2
35,31,1,0,1
35,32,1,0,5
35,33,1,1,3
35,35,1,1,0
35,36,1,1,2
35,37,1,0,0
35,40,1,1,5
35,41,1,1,5
35,44,1,1,3
35,45,1,0,3
35,47,1,1,1
35,49,1,0,2
35,50,1,1,5
35,52,1,1,0
35,53,1,1,3
35,54,1,0,0
35,55,1,1,4
35,56,1,0,5
35,57,1,1,1
35,58,1,0,1
35,60,1,1,0
35,62,1,1,1
35,63,1,0,1
35,68,1,1,3
35,69,1,1,5
35,70,1,0,3
35,71,1,0,3
35,72,1,0,0
35,73,1,0,2
35,75,1,1,2
35,76,1,0,0
35,77,1,1,2
35,79,1,0,5
35,80,1,1,4
35,81,1,0,5
35,82,1,0,4
35,86,1,1,2
35,87,1,0,0
35,88,1,0,2
35,89,1,1,0
35,90,1,0,5
35,93,1,0,2
35,99,1,0,5
36,2,1,1,3
36,5,1,0,4
36,7,1,1,1
36,8,1,0,2
36,11,1,0,5
36,12,1,0,5
36,14,1,1,0
36,15,1,0,2
36,16,1,0,4
36,20,1,1,0
36,21,1,1,5
36,22,1,1,2
36,23,1,1,3
36,25,1,0,4
36,28,1,0,4
36,31,1,1,2
36,33,1,1,4
36,35,1,0,4
36,36,1,0,1
36,38,1,0,1
36,44,1,0,3
36,45,1,1,2
36,46,1,0,4
36,48,1,0,5
36,49,1,0,1
36,50,1,0,3
36,51,1,1,5
36,52,1,1,3
36,53,1,1,1
36,54,1,1,1
36,55,1,0,1
36,57,1,1,4
36,58,1,1,3
36,60,1,0,5
36,61,1,0,0
36,62,1,0,0
36,63,1,0,3
36,65,1,1,0
36,66,1,0,5
36,67,1,1,3
36,69,1,1,5
36,70,1,0,2
36,72,1,1,0
36,73,1,0,0
36,74,1,1,4
36,77,1,0,2
36,78,1,0,5
36,79,1,1,4
36,80,1,1,2
36,81,1,1,3
36,83,1,0,4
36,84,1,1,0
36,86,1,0,3
36,87,1,1,4
36,88,1,1,5
36,89,1,1,0
36,91,1,0,4
36,92,1,1,2
36,93,1,0,3
36,94,1,1,4
36,95,1,0,1
36,96,1,1,3
36,97,1,1,1
36,98,1,1,1
36,99,1,1,1
36,100,1,0,4
37,1,1,1,5
37,4,1,1,0
37,7,1,1,5
37,8,1,0,1
37,9,1,1,2
37,10,1,0,2
37,11,1,1,0
37,12,1,0,4
37,13,1,1,2
37,14,1,0,2
37,18,1,0,0
37,19,1,0,5
37,20,1,0,5
37,22,1,0,5
37,23,1,0,4
37,24,1,1,5
37,25,1,1,5
37,26,1,1,3
37,28,1,1,3
37,29,1,0,4
37,30,1,0,3
37,31,1,1,4
37,32,1,0,4
37,33,1,1,5
37,34,1,1,2
37,35,1,0,5
37,39,1,1,2
37,40,1,0,5
37,41,1,1,2
37,42,1,0,1
37,43,1,1,4
37,44,1,0,0
37,45,1,0,3
37,46,1,1,0
37,47,1,1,3
37,48,1,1,0
37,50,1,0,4
37,52,1,1,3
37,54,1,0,4
37,55,1,1,3
37,56,1,1,1
37,57,1,1,2
37,58,1,1,5
37,59,1,0,1
37,60,1,1,0
37,61,1,0,1
37,62,1,1,0
37,63,1,0,3
37,64,1,1,4
37,65,1,1,0
37,66,1,0,3
37,67,1,1,1
37,68,1,1,4
37,71,1,1,3
37,72,1,0,4
37,73,1,1,2
37,74,1,1,2
37,77,1,0,0
37,78,1,1,2
37,79,1,0,5
37,81,1,0,2
37,84,1,0,5
37,86,1,0,5
37,87,1,0,0
37,90,1,1,5
37,91,1,1,4
37,92,1,1,2
37,94,1,1,4
37,95,1,1,3
37,97,1,0,5
37,98,1,0,4
37,99,1,1,2
38,1,1,0,0
38,2,1,0,0
38,3,1,0,0
38,4,1,0,4
38,5,1,1,2
38,6,1,0,1
38,7,1,0,0
38,9,1,1,4
38,10,1,0,5
38,12,1,0,3
38,14,1,0,4
38,15,1,0,0
38,16,1,1,0
38,17,1,1,3
38,18,1,0,0
38,20,1,0,1
38,21,1,0,2
38,23,1,1,3
38,24,1,1,2
38,25,1,1,0
38,27,1,1,4
38,28,1,0,2
38,29,1,1,4
38,30,1,0,3
38,32,1,0,1
38,33,1,1,2
38,36,1,0,2
38,38,1,1,4
38,39,1,0,5
38,40,1,0,4
38,41,1,1,0
38,42,1,0,3
38,43,1,0,1
38,44,1,0,0
38,45,1,0,5
38,46,1,0,5
38,47,1,0,3
38,48,1,1,1
38,49,1,1,0
38,50,1,1,4
38,54,1,0,3
38,59,1,0,3
38,61,1,1,2
38,63,1,0,2
38,64,1,1,3
38,65,1,0,3
38,66,1,0,1
38,67,1,0,1
38,70,1,0,1
38,71,1,1,4
38,72,1,1,5
38,73,1,1,4
38,74,1,1,5
38,75,1,1,0
38,76,1,0,0
38,77,1,0,0
38,78,1,0,3
38,79,1,1,5
38,80,1,0,0
38,81,1,0,1
38,82,1,0,5
38,86,1,1,4
38,87,1,1,4
38,88,1,1,0
38,89,1,1,2
38,90,1,1,0
38,91,1,0,4
38,93,1,0,2
38,94,1,1,2
38,96,1,0,3
38,98,1,1,5
39,2,1,0,0
39,3,1,1,3
39,4,1,1,1
39,5,1,0,2
39,6,1,1,0
39,8,1,0,0
39,9,1,0,1
39,10,1,0,2
39,11,1,1,0
39,14,1,0,2
39,15,1,1,5
39,16,1,1,3
39,17,1,0,0
39,18,1,0,1
39,19,1,0,3
39,21,1,1,2
39,23,1,0,3
39,26,1,1,3
39,28,1,0,2
39,30,1,1,5
39,32,1,0,1
39,33,1,1,3
39,34,1,1,3
39,35,1,1,0
39,36,1,1,2
39,41,1,0,0
39,44,1,1,0
39,45,1,1,2
39,46,1,1,1
39,47,1,1,3
39,49,1,0,2
39,50,1,0,5
39,51,1,0,1
39,52,1,1,5
39,53,1,1,0
39,54,1,0,3
39,56,1,1,1
39,57,1,0,0
39,58,1,0,5
39,59,1,1,3
39,61,1,1,3
39,62,1,0,3
39,63,1,0,3
39,65,1,1,5
39,66,1,0,1
39,67,1,0,0
39,69,1,1,5
39,71,1,0,2
39,72,1,1,0
39,73,1,1,0
39,76,1,1,2
39,77,1,0,1
39,79,1,1,1
39,81,1,1,5
39,82,1,0,0
39,83,1,1,1
39,84,1,1,0
39,86,1,1,4
39,88,1,0,4
39,90,1,1,0
39,92,1,0,0
39,93,1,1,3
39,94,1,1,1
39,95,1,0,0
39,96,1,1,3
39,97,1,1,0
39,99,1,1,4
40,1,1,0,0
40,2,1,1,1
40,4,1,0,4
40,6,1,1,2
40,7,1,1,2
40,8,1,1,2
40,9,1,0,3
40,10,1,1,1
40,12,1,1,0
40,13,1,1,5
40,14,1,0,1
40,15,1,1,3
40,16,1,1,3
40,17,1,0,2
40,19,1,0,3
40,20,1,1,5
40,21,1,1,4
40,22,1,1,1
40,23,1,0,2
40,24,1,0,0
40,25,1,1,2
40,26,1,0,2
40,29,1,1,4
40,32,1,0,1
40,33,1,1,1
40,34,1,1,4
40,36,1,0,0
40,37,1,0,3
40,38,1,1,5
40,40,1,0,1
40,41,1,1,4
40,42,1,0,0
40,45,1,1,1
40,47,1,0,5
40,50,1,1,4
40,51,1,0,3
40,53,1,1,5
40,54,1,1,0
40,56,1,0,0
40,58,1,0,0
40,60,1,0,0
40,61,1,0,5
40,62,1,1,3
40,64,1,1,0
40,65,1,0,4
40,66,1,0,2
40,67,1,1,2
40,68,1,0,1
40,69,1,0,4
40,70,1,0,0
40,71,1,1,0
40,73,1,1,0
40,74,1,0,1
40,78,1,0,1
40,79,1,1,2
40,80,1,0,0
40,81,1,0,5
40,83,1,0,4
40,84,1,0,2
40,85,1,0,3
40,86,1,0,2
40,87,1,1,3
40,89,1,1,3
40,90,1,0,4
40,91,1,1,5
40,92,1,1,4
40,93,1,1,1
40,94,1,0,2
40,95,1,0,1
40,98,1,0,2
40,100,1,0,1
41,1,1,1,4
41,4,1,0,0
41,6,1,0,4
41,8,1,1,0
41,9,1,0,1
41,10,1,1,1
41,11,1,0,5
41,13,1,0,4
41,14,1,0,4
41,16,1,0,2
41,17,1,0,0
41,18,1,0,0
41,20,1,1,2
41,21,1,1,0
41,22,1,0,1
41,23,1,1,4
41,24,1,0,5
41,25,1,1,2
41,26,1,0,1
41,30,1,1,0
41,33,1,1,1
41,35,1,1,3
41,37,1,0,5
41,38,1,1,2
41,39,1,1,5
41,40,1,0,5
41,41,1,1,4
41,42,1,0,3
41,43,1,1,3
41,45,1,0,1
41,48,1,1,3
41,49,1,0,4
41,52,1,0,4
41,53,1,0,0
41,56,1,1,4
41,57,1,1,3
41,58,1,0,3
41,59,1,0,2
41,60,1,0,0
41,62,1,1,3
41,63,1,1,1
41,64,1,0,5
41,65,1,0,0
41,68,1,1,4
41,69,1,0,3
41,70,1,1,5
41,71,1,1,1
41,72,1,1,3
41,73,1,1,0
41,74,1,0,1
41,75,1,0,2
41,76,1,0,4
41,77,1,1,5
41,80,1,1,2
41,81,1,1,2
41,88,1,1,2
41,90,1,0,4
41,91,1,0,2
41,93,1,1,3
41,94,1,0,0
41,95,1,0,3
41,98,1,0,3
41,99,1,0,5
41,100,1,1,0
42,1,1,0,0
42,2,1,1,5
42,3,1,0,1
42,4,1,0,0
42,6,1,0,4
42,9,1,1,2
42,11,1,0,1
42,13,1,0,4
42,14,1,1,3
42,15,1,0,2
42,17,1,0,0
42,18,1,0,3
42,20,1,1,2
42,23,1,1,5
42,25,1,1,5
42,27,1,1,1
42,28,1,1,4
42,29,1,0,0
42,30,1,0,5
42,31,1,1,5
42,33,1,1,2
42,35,1,0,2
42,36,1,0,0
42,37,1,1,1
42,38,1,0,2
42,40,1,0,4
42,41,1,0,4
42,43,1,0,2
42,45,1,0,1
42,46,1,1,2
42,47,1,1,1
42,48,1,0,4
42,50,1,0,3
42,51,1,0,5
42,53,1,1,4
42,54,1,0,3
42,55,1,1,5
42,56,1,1,2
42,57,1,1,0
42,60,1,0,3
42,61,1,0,1
42,62,1,1,0
42,63,1,0,4
42,64,1,0,1
42,67,1,1,1
42,68,1,0,4
42,69,1,1,0
42,71,1,1,4
42,72,1,1,4
42,74,1,1,1
42,77,1,0,4
42,78,1,1,1
42,79,1,0,1
42,81,1,1,2
42,83,1,0,5
42,84,1,1,3
42,86,1,1,2
42,87,1,0,5
42,88,1,1,2
42,91,1,0,0
42,95,1,0,3
42,100,1,0,4
43,1,1,0,3
43,2,1,1,4
43,3,1,0,1
43,4,1,0,0
43,5,1,0,4
43,6,1,1,5
43,7,1,1,5
43,8,1,1,2
43,9,1,1,4
43,10,1,1,0
43,11,1,1,0
43,12,1,1,5
43,17,1,0,4
43,18,1,0,0
43,19,1,1,5
43,21,1,1,3
43,22,1,0,4
43,23,1,0,3
43,27,1,1,3
43,28,1,0,3
43,29,1,0,0
43,34,1,1,2
43,35,1,0,5
43,39,1,1,1
43,40,1,1,1
43,41,1,0,5
43,44,1,0,1
43,45,1,1,1
43,47,1,0,4
43,48,1,0,0
43,49,1,1,5
43,50,1,0,3
43,51,1,1,0
43,52,1,0,4
43,55,1,0,3
43,56,1,0,5
43,58,1,0,5
43,62,1,0,1
43,63,1,1,3
43,67,1,1,5
43,68,1,1,4
43,74,1,1,2
43,75,1,1,0
43,76,1,0,4
43,80,1,0,2
43,81,1,1,1
43,83,1,1,1
43,84,1,1,5
43,85,1,0,0
43,86,1,0,3
43,88,1,0,3
43,90,1,0,0
43,91,1,1,3
43,93,1,0,1
43,94,1,1,2
43,96,1,0,4
43,97,1,0,5
43,99,1,1,0
44,1,1,1,3
44,3,1,0,5
44,5,1,0,1
44,6,1,0,4
44,7,1,1,2
44,9,1,0,5
44,10,1,0,1
44,11,1,1,2
44,12,1,0,5
44,13,1,0,0
44,14,1,0,4
44,16,1,0,3
44,18,1,0,3
44,19,1,1,4
44,20,1,1,4
44,21,1,0,4
44,22,1,1,2
44,23,1,0,0
44,24,1,0,2
44,26,1,1,1
44,27,1,1,1
44,29,1,1,4
44,31,1,1,1
44,32,1,1,1
44,33,1,1,3
44,35,1,1,3
44,43,1,0,3
44,46,1,1,3
44,47,1,0,1
44,48,1,0,0
44,51,1,1,1
44,52,1,0,3
44,53,1,0,5
44,54,1,1,1
44,57,1,1,4
44,58,1,0,1
44,59,1,0,5
44,61,1,0,5
44,62,1,1,5
44,63,1,0,4
44,64,1,1,1
44,65,1,0,3
44,66,1,0,2
44,67,1,1,2
44,69,1,0,5
44,70,1,1,0
44,71,1,0,4
44,73,1,0,3
44,76,1,1,5
44,77,1,1,2
44,78,1,1,5
44,79,1,1,2
44,80,1,1,2
44,81,1,1,4
44,82,1,1,5
44,85,1,0,5
44,88,1,1,2
44,91,1,1,3
44,92,1,1,1
44,93,1,1,1
44,94,1,0,3
44,95,1,0,0
44,96,1,1,4
44,97,1,0,2
44,98,1,0,4
44,99,1,1,1
44,100,1,1,2
45,1,1,0,3
45,2,1,1,0
45,3,1,0,3
45,6,1,1,2
45,10,1,1,3
45,11,1,1,3
45,12,1,0,3
45,13,1,0,3
45,14,1,0,3
45,15,1,1,3
45,16,1,1,4
45,17,1,0,4
45,19,1,1,0
45,20,1,1,4
45,24,1,0,2
45,25,1,0,0
45,26,1,0,5
45,27,1,1,1
45,28,1,0,3
45,29,1,1,2
45,30,1,0,5
45,31,1,1,3
45,34,1,0,2
45,35,1,1,0
45,36,1,0,3
45,37,1,1,1
45,39,1,0,2
45,40,1,0,2
45,41,1,1,1
45,42,1,0,2
45,43,1,1,4
45,45,1,0,0
45,46,1,1,0
45,47,1,0,2
45,48,1,0,2
45,51,1,1,1
45,52,1,0,0
45,53,1,0,5
45,54,1,0,3
45,57,1,0,0
45,61,1,0,2
45,62,1,1,1
45,64,1,0,3
45,65,1,0,2
45,68,1,1,0
45,69,1,0,5
45,70,1,0,2
45,72,1,1,4
45,74,1,1,5
45,75,1,1,3
45,79,1,1,4
45,80,1,1,0
45,82,1,0,1
45,83,1,1,1
45,84,1,1,2
45,85,1,0,0
45,86,1,0,1
45,87,1,0,5
45,88,1,0,2
45,91,1,1,1
45,92,1,0,2
45,94,1,0,1
45,96,1,0,5
45,97,1,1,4
45,98,1,0,2
45,100,1,0,0
46,1,1,0,1
46,2,1,0,1
46,3,1,1,3
46,6,1,0,3
46,7,1,1,1
46,8,1,1,4
46,9,1,0,0
46,11,1,0,4
46,15,1,0,4
46,16,1,0,0
46,17,1,0,1
46,18,1,0,3
46,19,1,1,1
46,20,1,0,5
46,21,1,0,5
46,22,1,1,4
46,23,1,1,4
46,26,1,1,3
46,30,1,0,0
46,31,1,0,3
46,32,1,0,2
46,33,1,0,4
46,34,1,1,0
46,36,1,0,4
46,37,1,1,1
46,41,1,1,3
46,45,1,1,1
46,46,1,1,3
46,47,1,1,2
46,48,1,1,0
46,49,1,0,3
46,50,1,0,1
46,51,1,1,3
46,54,1,1,0
46,56,1,0,4
46,58,1,0,4
46,59,1,1,2
46,60,1,0,1
46,62,1,0,3
46,63,1,0,4
46,65,1,0,0
46,70,1,0,3
46,71,1,1,5
46,72,1,1,3
46,74,1,1,1
46,75,1,0,5
46,76,1,1,0
46,77,1,0,3
46,78,1,0,5
46,79,1,0,3
46,80,1,0,3
46,81,1,0,0
46,83,1,0,1
46,87,1,1,2
46,88,1,0,3
46,89,1,0,5
46,92,1,0,1
46,96,1,1,2
46,97,1,1,5
46,98,1,0,2
46,99,1,1,0
46,100,1,0,1
47,1,1,1,1
47,2,1,1,1
47,3,1,1,0
47,5,1,0,5
47,6,1,0,4
47,7,1,1,1
47,8,1,1,4
47,9,1,0,1
47,10,1,0,5
47,11,1,1,4
47,13,1,1,2
47,14,1,0,4
47,17,1,1,5
47,18,1,1,5
47,19,1,1,5
47,20,1,1,0
47,21,1,0,3
47,22,1,1,4
47,23,1,0,3
47,25,1,0,1
47,27,1,0,4
47,28,1,1,0
47,30,1,1,1
47,31,1,1,3
47,32,1,1,0
47,34,1,1,2
47,35,1,1,0
47,37,1,0,2
47,38,1,1,1
47,39,1,0,2
47,42,1,1,2
47,45,1,0,2
47,47,1,0,5
47,48,1,1,4
47,52,1,1,4
47,54,1,1,1
47,55,1,1,4
47,56,1,1,2
47,59,1,1,5
47,62,1,1,5
47,64,1,1,5
47,66,1,1,4
47,67,1,0,3
47,69,1,0,2
47,71,1,0,2
47,72,1,1,1
47,76,1,1,2
47,78,1,1,1
47,79,1,1,4
47,80,1,1,5
47,82,1,1,5
47,84,1,0,3
47,85,1,0,0
47,87,1,1,0
47,89,1,1,4
47,90,1,0,3
47,91,1,1,2
47,92,1,1,2
47,93,1,1,3
47,94,1,0,1
47,96,1,1,5
47,98,1,0,2
47,99,1,0,3
48,1,1,1,4
48,2,1,0,3
48,7,1,0,4
48,8,1,0,3
48,10,1,1,4
48,11,1,1,3
48,13,1,0,1
48,15,1,1,3
48,18,1,0,2
48,20,1,1,3
48,21,1,1,0
48,22,1,0,5
48,23,1,0,3
48,24,1,0,1
48,25,1,0,5
48,26,1,0,3
48,27,1,1,4
48,28,1,0,5
48,29,1,1,2
48,30,1,0,3
48,31,1,1,0
48,32,1,1,1
48,36,1,1,2
48,37,1,1,3
48,38,1,0,5
48,41,1,0,3
48,42,1,0,2
48,47,1,1,3
48,48,1,0,3
48,49,1,0,1
48,50,1,0,1
48,52,1,0,1
48,53,1,0,0
48,54,1,0,2
48,55,1,0,5
48,56,1,0,0
48,57,1,0,4
48,59,1,0,1
48,63,1,0,2
48,66,1,1,2
48,68,1,1,5
48,70,1,0,5
48,72,1,1,3
48,73,1,0,3
48,74,1,1,0
48,75,1,1,0
48,76,1,0,2
48,78,1,1,0
48,79,1,0,1
48,81,1,1,0
48,82,1,0,1
48,83,1,0,4
48,84,1,1,5
48,86,1,1,2
48,87,1,0,0
48,88,1,1,0
48,89,1,1,4
48,91,1,0,0
48,93,1,0,5
48,94,1,0,4
48,96,1,1,1
48,97,1,1,1
48,99,1,1,5
48,100,1,1,4
49,1,1,1,1
49,2,1,1,0
49,3,1,1,4
49,4,1,0,2
49,6,1,0,1
49,8,1,1,1
49,9,1,0,4
49,11,1,0,3
49,12,1,1,2
49,13,1,1,5
49,14,1,0,3
49,16,1,0,1
49,17,1,1,2
49,18,1,0,1
49,19,1,1,0
49,20,1,1,2
49,21,1,1,4
49,23,1,1,1
49,26,1,0,4
49,28,1,1,1
49,29,1,0,1
49,31,1,1,4
49,33,1,1,1
49,35,1,0,1
49,37,1,0,5
49,38,1,0,4
49,39,1,0,5
49,40,1,0,2
49,42,1,1,2
49,43,1,0,0
49,47,1,1,1
49,49,1,0,3
49,51,1,1,3
49,53,1,1,0
49,55,1,1,1
49,56,1,0,1
49,60,1,1,0
49,61,1,0,0
49,63,1,0,4
49,65,1,1,4
49,66,1,0,2
49,67,1,1,0
49,68,1,1,2
49,69,1,1,3
49,70,1,0,3
49,71,1,1,0
49,74,1,0,4
49,76,1,0,1
49,77,1,1,0
49,78,1,0,0
49,82,1,0,3
49,84,1,1,2
49,85,1,0,1
49,87,1,1,2
49,88,1,1,1
49,89,1,0,2
49,90,1,1,0
49,92,1,1,0
49,93,1,1,1
49,95,1,1,3
49,96,1,0,2
49,97,1,1,1
49,98,1,1,3
49,100,1,0,1
50,1,1,1,4
50,3,1,0,3
50,6,1,0,1
50,11,1,1,5
50,13,1,1,3
50,14,1,0,4
50,15,1,0,0
50,16,1,0,0
50,18,1,0,1
50,19,1,1,0
50,20,1,1,0
50,21,1,0,3
50,22,1,0,2
50,24,1,1,3
50,28,1,1,1
50,30,1,1,2
50,31,1,1,2
50,35,1,1,2
50,36,1,1,4
50,37,1,0,1
50,38,1,1,5
50,45,1,1,0
50,47,1,1,0
50,49,1,1,2
50,50,1,1,3
50,52,1,0,0
50,53,1,0,1
50,54,1,0,1
50,55,1,1,4
50,56,1,1,4
50,57,1,0,0
50,58,1,1,2
50,60,1,1,5
50,61,1,1,4
50,64,1,0,3
50,69,1,1,2
50,70,1,0,1
50,71,1,0,0
50,72,1,0,3
50,73,1,1,0
50,74,1,0,4
50,75,1,1,1
50,77,1,0,1
50,79,1,0,1
50,80,1,0,3
50,81,1,1,0
50,82,1,0,3
50,83,1,1,0
50,84,1,1,4
50,85,1,0,0
50,86,1,1,0
50,87,1,0,0
50,89,1,1,3
50,90,1,1,5
50,91,1,1,1
50,93,1,0,5
50,94,1,1,3
50,95,1,0,4
50,96,1,0,0
50,97,1,1,2
51,1,1,0,0
51,2,1,0,2
51,5,1,1,4
51,6,1,1,4
51,8,1,0,0
51,9,1,1,0
51,11,1,1,3
51,12,1,1,2
51,14,1,1,4
51,15,1,1,0
51,17,1,1,4
51,18,1,0,5
51,20,1,0,1
51,22,1,1,1
51,25,1,1,5
51,26,1,1,5
51,27,1,0,5
51,28,1,1,3
51,30,1,0,1
51,31,1,0,3
51,33,1,1,5
51,34,1,1,5
51,36,1,0,3
51,38,1,0,2
51,41,1,0,1
51,43,1,1,1
51,44,1,0,4
51,48,1,1,1
51,49,1,0,3
51,51,1,0,4
51,52,1,1,1
51,53,1,0,2
51,54,1,0,5
51,55,1,1,3
51,56,1,0,2
51,57,1,0,4
51,58,1,0,1
51,59,1,1,5
51,60,1,0,4
51,62,1,1,1
51,64,1,0,2
51,66,1,1,4
51,67,1,0,3
51,69,1,0,0
51,73,1,1,4
51,74,1,1,5
51,75,1,0,5
51,76,1,0,4
51,78,1,1,5
51,79,1,0,1
51,81,1,0,5
51,83,1,0,1
51,84,1,1,5
51,85,1,0,3
51,86,1,1,1
51,87,1,0,3
51,88,1,0,0
51,89,1,0,0
51,90,1,1,0
51,91,1,0,2
51,92,1,0,0
51,93,1,1,4
51,94,1,0,1
51,95,1,0,0
51,97,1,0,2
51,98,1,1,1
51,99,1,0,0
51,100,1,1,3
52,2,1,1,4
52,6,1,1,4
52,7,1,0,3
52,8,1,0,0
52,13,1,0,0
52,15,1,0,4
52,19,1,1,0
52,22,1,1,0
52,24,1,1,5
52,25,1,1,4
52,27,1,0,3
52,28,1,0,0
52,29,1,0,5
52,31,1,0,1
52,32,1,0,2
52,33,1,1,3
52,34,1,1,5
52,35,1,1,5
52,36,1,0,2
52,37,1,0,0
52,38,1,1,1
52,40,1,1,3
52,41,1,0,0
52,42,1,0,4
52,44,1,0,0
52,45,1,1,4
52,47,1,1,4
52,48,1,1,2
52,50,1,1,2
52,51,1,1,0
52,52,1,1,5
52,54,1,0,3
52,55,1,1,1
52,59,1,1,5
52,60,1,0,2
52,61,1,1,3
52,62,1,1,4
52,63,1,1,0
52,65,1,0,5
52,67,1,1,4
52,68,1,0,1
52,71,1,0,0
52,72,1,1,2
52,73,1,0,2
52,74,1,1,0
52,75,1,0,4
52,76,1,1,1
52,78,1,0,3
52,79,1,1,3
52,80,1,0,5
52,82,1,1,4
52,84,1,1,5
52,85,1,0,0
52,88,1,1,2
52,89,1,1,2
52,90,1,1,1
52,91,1,0,4
52,92,1,0,4
52,93,1,0,2
52,94,1,0,1
52,96,1,1,3
52,98,1,1,1
52,100,1,1,2
53,1,1,0,4
53,2,1,0,4
53,3,1,0,3
53,4,1,1,4
53,6,1,0,1
53,7,1,0,4
53,10,1,0,5
53,11,1,1,0
53,12,1,1,5
53,13,1,0,4
53,14,1,1,2
53,17,1,1,2
53,18,1,0,0
53,19,1,0,4
53,22,1,0,1
53,23,1,1,3
53,25,1,0,3
53,26,1,0,3
53,29,1,1,5
53,31,1,0,1
53,33,1,0,5
53,34,1,0,1
53,36,1,0,5
53,41,1,0,5
53,43,1,1,1
53,45,1,1,2
53,47,1,0,3
53,48,1,1,3
53,49,1,0,4
53,50,1,1,4
53,51,1,1,4
53,52,1,1,3
53,53,1,0,4
53,54,1,1,5
53,56,1,0,3
53,57,1,0,5
53,59,1,0,5
53,60,1,0,4
53,61,1,0,1
53,63,1,0,3
53,65,1,1,3
53,67,1,0,4
53,72,1,1,2
53,73,1,0,4
53,74,1,0,0
53,77,1,0,3
53,79,1,1,3
53,81,1,0,2
53,82,1,0,1
53,83,1,0,5
53,85,1,0,3
53,87,1,0,0
53,89,1,1,4
53,90,1,1,4
53,92,1,0,3
53,93,1,1,0
53,96,1,1,0
53,97,1,1,3
53,99,1,0,4
54,1,1,1,2
54,2,1,1,5
54,3,1,1,1
54,4,1,1,2
54,5,1,0,3
54,6,1,0,0
54,8,1,0,2
54,9,1,1,0
54,10,1,1,0
54,11,1,1,4
54,13,1,0,5
54,14,1,0,0
54,17,1,0,1
54,18,1,0,2
54,20,1,0,2
54,21,1,0,1
54,22,1,1,2
54,23,1,0,0
54,24,1,0,4
54,25,1,0,3
54,26,1,0,2
54,27,1,0,4
54,28,1,1,1
54,30,1,1,1
54,31,1,1,5
54,32,1,0,0
54,33,1,1,0
54,35,1,0,1
54,36,1,0,5
54,40,1,1,4
54,43,1,1,5
54,44,1,0,3
54,45,1,1,3
54,46,1,1,0
54,48,1,1,5
54,49,1,0,4
54,51,1,1,4
54,52,1,0,4
54,54,1,1,4
54,57,1,1,2
54,58,1,0,2
54,59,1,1,5
54,60,1,0,3
54,61,1,0,4
54,62,1,1,2
54,63,1,1,0
54,65,1,1,5
54,67,1,0,4
54,70,1,0,1
54,71,1,1,3
54,73,1,1,0
54,77,1,0,1
54,78,1,1,5
54,79,1,1,4
54,80,1,0,1
54,81,1,1,2
54,82,1,1,0
54,83,1,0,0
54,84,1,0,3
54,85,1,1,1
54,87,1,1,1
54,88,1,0,2
54,89,1,1,3
54,91,1,1,5
54,92,1,1,5
54,93,1,1,1
54,95,1,1,1
54,99,1,1,4
54,100,1,1,0
55,1,1,0,4
55,3,1,1,5
55,4,1,1,0
55,6,1,0,2
55,8,1,1,5
55,9,1,0,0
55,10,1,0,4
55,12,1,0,4
55,13,1,1,4
55,15,1,0,2
55,17,1,1,1
55,19,1,0,3
55,20,1,0,4
55,21,1,1,2
55,22,1,0,1
55,24,1,1,5
55,25,1,0,3
55,26,1,0,4
55,29,1,0,3
55,30,1,1,3
55,33,1,1,5
55,34,1,1,1
55,35,1,1,1
55,36,1,0,5
55,37,1,0,2
55,38,1,1,1
55,39,1,0,0
55,41,1,1,1
55,42,1,0,1
55,44,1,0,0
55,45,1,0,1
55,47,1,1,4
55,48,1,0,3
55,50,1,0,2
55,51,1,0,3
55,52,1,1,1
55,53,1,0,0
55,54,1,0,3
55,56,1,1,1
55,58,1,0,0
55,59,1,0,3
55,63,1,1,1
55,64,1,1,0
55,65,1,0,0
55,67,1,0,2
55,69,1,0,5
55,70,1,1,1
55,71,1,1,5
55,73,1,1,3
55,74,1,1,1
55,75,1,1,1
55,76,1,0,4
55,78,1,0,2
55,79,1,0,3
55,80,1,0,4
55,82,1,0,5
55,83,1,1,5
55,84,1,1,2
55,85,1,0,1
55,86,1,1,2
55,87,1,0,4
55,89,1,1,4
55,90,1,1,3
55,92,1,1,5
55,93,1,0,2
55,97,1,0,4
55,98,1,0,1
55,99,1,0,1
55,100,1,0,3
56,1,1,0,5
56,3,1,1,2
56,4,1,0,5
56,5,1,1,1
56,6,1,0,2
56,7,1,1,5
56,8,1,1,5
56,9,1,1,1
56,10,1,0,4
56,11,1,0,5
56,12,1,1,3
56,13,1,1,0
56,14,1,0,0
56,16,1,1,4
56,18,1,1,1
56,19,1,0,4
56,20,1,1,1
56,21,1,1,5
56,22,1,1,5
56,25,1,1,1
56,28,1,0,1
56,29,1,1,4
56,30,1,1,1
56,31,1,1,3
56,32,1,1,4
56,33,1,0,4
56,34,1,1,5
56,36,1,0,3
56,37,1,1,5
56,38,1,1,0
56,42,1,1,3
56,43,1,0,4
56,44,1,1,4
56,50,1,1,3
56,51,1,1,3
56,53,1,1,4
56,54,1,0,0
56,56,1,0,1
56,58,1,1,1
56,59,1,0,1
56,60,1,0,3
56,62,1,1,2
56,63,1,1,4
56,64,1,0,2
56,65,1,1,3
56,66,1,1,4
56,67,1,1,2
56,68,1,0,4
56,69,1,1,0
56,70,1,1,0
56,71,1,0,5
56,74,1,1,5
56,77,1,1,3
56,78,1,1,0
56,80,1,0,0
56,81,1,0,2
56,82,1,0,4
56,83,1,1,1
56,84,1,0,2
56,85,1,1,5
56,86,1,0,4
56,87,1,0,4
56,88,1,1,4
56,90,1,1,1
56,91,1,0,3
56,92,1,1,1
56,94,1,0,1
56,95,1,0,4
56,96,1,1,3
56,97,1,0,3
56,98,1,0,4
56,99,1,1,0
56,100,1,1,1
57,1,1,0,1
57,4,1,0,2
57,5,1,1,5
57,7,1,0,0
57,8,1,1,3
57,10,1,0,4
57,11,1,1,3
57,12,1,0,5
57,14,1,0,2
57,17,1,0,2
57,18,1,1,5
57,21,1,1,4
57,22,1,0,4
57,24,1,1,4
57,26,1,0,3
57,30,1,0,0
57,31,1,1,0
57,32,1,0,1
57,34,1,1,5
57,35,1,0,3
57,36,1,1,1
57,38,1,1,4
57,39,1,0,2
57,40,1,0,5
57,41,1,0,1
57,42,1,1,5
57,46,1,0,2
57,47,1,1,4
57,48,1,1,1
57,50,1,1,0
57,51,1,1,2
57,53,1,0,5
57,54,1,0,4
57,56,1,1,5
57,57,1,0,3
57,58,1,1,3
57,59,1,1,0
57,61,1,1,1
57,62,1,1,3
57,63,1,0,4
57,64,1,0,4
57,66,1,0,1
57,67,1,0,2
57,68,1,1,2
57,69,1,0,5
57,70,1,0,0
57,71,1,1,3
57,72,1,0,1
57,77,1,1,0
57,78,1,1,2
57,79,1,0,4
57,81,1,0,1
57,82,1,0,2
57,83,1,0,2
57,84,1,1,4
57,85,1,1,4
57,88,1,0,5
57,89,1,0,3
57,91,1,1,5
57,92,1,1,4
57,93,1,0,0
57,95,1,1,3
57,96,1,0,3
57,97,1,1,3
57,98,1,1,3
57,100,1,0,4
58,2,1,0,4
58,3,1,0,1
58,7,1,0,2
58,9,1,0,4
58,10,1,0,1
58,11,1,1,0
58,12,1,0,5
58,13,1,1,0
58,14,1,0,4
58,15,1,0,1
58,20,1,0,3
58,21,1,1,4
58,22,1,0,5
58,23,1,1,4
58,24,1,1,1
58,25,1,0,0
58,26,1,0,5
58,27,1,0,1
58,29,1,0,4
58,31,1,1,0
58,32,1,0,1
58,33,1,1,2
58,36,1,1,5
58,37,1,0,4
58,38,1,1,2
58,39,1,1,3
58,41,1,1,2
58,42,1,0,0
58,44,1,0,5
58,45,1,1,3
58,46,1,1,5
58,47,1,1,0
58,49,1,1,2
58,53,1,1,1
58,55,1,0,0
58,56,1,0,3
58,57,1,1,3
58,59,1,0,4
58,63,1,0,1
58,64,1,1,0
58,67,1,1,2
58,68,1,1,5
58,69,1,1,0
58,70,1,0,3
58,71,1,1,1
58,73,1,0,3
58,75,1,1,1
58,77,1,1,1
58,78,1,0,4
58,79,1,1,1
58,80,1,1,5
58,81,1,0,3
58,83,1,1,1
58,84,1,0,1
58,86,1,0,5
58,88,1,1,2
58,89,1,0,1
58,90,1,1,1
58,92,1,0,1
58,93,1,0,1
58,95,1,1,0
58,97,1,0,2
58,98,1,1,0
58,99,1,1,4
59,2,1,1,1
59,3,1,0,3
59,4,1,0,1
59,5,1,0,5
59,6,1,1,1
59,8,1,1,5
59,9,1,0,3
59,12,1,0,1
59,13,1,1,1
59,14,1,0,0
59,15,1,0,3
59,16,1,1,2
59,18,1,0,1
59,19,1,1,2
59,22,1,0,0
59,23,1,1,2
59,24,1,1,4
59,25,1,1,4
59,26,1,0,1
59,27,1,0,1
59,28,1,0,0
59,29,1,1,4
59,30,1,0,3
59,32,1,0,5
59,33,1,0,4
59,34,1,1,2
59,35,1,0,0
59,36,1,0,5
59,40,1,1,3
59,42,1,0,5
59,43,1,0,4
59,44,1,0,0
59,45,1,1,5
59,46,1,1,5
59,49,1,0,3
59,50,1,1,5
59,51,1,0,4
59,54,1,1,2
59,56,1,0,2
59,58,1,1,3
59,59,1,1,1
59,60,1,0,1
59,62,1,1,3
59,63,1,1,2
59,64,1,1,2
59,65,1,1,3
59,66,1,0,1
59,67,1,1,2
59,68,1,1,2
59,69,1,0,5
59,70,1,0,0
59,72,1,0,3
59,73,1,0,4
59,74,1,1,0
59,75,1,1,5
59,76,1,0,3
59,77,1,0,0
59,78,1,1,4
59,79,1,0,2
59,80,1,0,2
59,81,1,1,4
59,82,1,1,3
59,83,1,1,1
59,84,1,1,5
59,85,1,0,2
59,88,1,0,3
59,89,1,1,1
59,91,1,0,5
59,95,1,0,1
59,97,1,0,5
59,98,1,1,5
60,3,1,0,0
60,5,1,0,1
60,7,1,1,2
60,8,1,0,5
60,9,1,0,5
60,11,1,0,1
60,12,1,0,5
60,13,1,0,2
60,15,1,1,2
60,16,1,1,3
60,17,1,1,2
60,19,1,1,3
60,21,1,1,4
60,22,1,1,2
60,23,1,1,4
60,24,1,0,2
60,25,1,0,3
60,27,1,1,1
60,28,1,0,3
60,30,1,1,1
60,31,1,0,3
60,33,1,1,1
60,35,1,1,4
60,36,1,1,1
60,37,1,0,1
60,38,1,1,3
60,39,1,0,5
60,40,1,0,2
60,41,1,0,5
60,44,1,1,5
60,46,1,1,5
60,48,1,0,0
60,50,1,0,3
60,51,1,1,3
60,52,1,1,3
60,53,1,1,4
60,56,1,0,2
60,57,1,0,5
60,58,1,0,5
60,60,1,0,4
60,61,1,0,3
60,62,1,1,1
60,63,1,1,1
60,64,1,0,4
60,69,1,0,5
60,72,1,0,3
60,73,1,1,2
60,74,1,0,5
60,75,1,1,1
60,79,1,0,2
60,80,1,1,0
60,81,1,0,4
60,82,1,1,0
60,84,1,1,5
60,85,1,1,4
60,86,1,1,4
60,87,1,0,1
60,88,1,1,2
60,89,1,0,2
60,91,1,0,3
60,93,1,0,0
60,94,1,1,5
60,97,1,1,1
60,98,1,0,1
60,99,1,1,0
60,100,1,1,4
61,1,1,1,1
61,3,1,1,0
61,4,1,1,2
61,5,1,1,2
61,6,1,1,2
61,7,1,0,1
61,8,1,1,5
61,9,1,1,2
61,10,1,1,2
61,12,1,0,5
61,14,1,0,2
61,15,1,0,1
61,16,1,1,3
61,17,1,0,5
61,18,1,1,4
61,20,1,1,5
61,21,1,0,3
61,24,1,0,2
61,26,1,0,2
61,29,1,1,4
61,30,1,0,4
61,32,1,1,1
61,33,1,0,0
61,34,1,0,2
61,37,1,0,0
61,39,1,0,2
61,41,1,1,4
61,42,1,1,0
61,45,1,0,3
61,46,1,1,4
61,48,1,0,4
61,49,1,0,5
61,50,1,1,4
61,54,1,0,4
61,55,1,1,0
61,56,1,0,1
61,57,1,1,5
61,58,1,1,1
61,60,1,0,4
61,61,1,0,0
61,64,1,1,1
61,66,1,1,1
61,67,1,1,1
61,69,1,1,1
61,71,1,1,2
61,72,1,0,2
61,73,1,0,3
61,74,1,1,0
61,75,1,0,0
61,76,1,0,5
61,78,1,0,5
61,79,1,1,4
61,82,1,1,4
61,83,1,1,5
61,84,1,0,4
61,85,1,0,5
61,86,1,0,1
61,88,1,0,5
61,90,1,1,1
61,91,1,1,3
61,92,1,0,5
61,94,1,0,3
61,96,1,0,1
61,97,1,1,5
61,98,1,1,3
61,99,1,1,0
62,1,1,0,1
62,5,1,1,0
62,7,1,0,5
62,8,1,1,2
62,9,1,0,0
62,10,1,1,3
62,12,1,0,2
62,15,1,0,3
62,16,1,1,0
62,17,1,0,3
62,18,1,1,3
62,19,1,0,5
62,20,1,1,1
62,21,1,1,3
62,24,1,1,4
62,25,1,1,4
62,26,1,0,0
62,27,1,1,0
62,30,1,0,4
62,32,1,0,4
62,33,1,1,0
62,34,1,0,1
62,35,1,1,4
62,37,1,1,5
62,38,1,1,5
62,39,1,0,4
62,41,1,0,3
62,42,1,0,2
62,43,1,0,5
62,44,1,0,1
62,45,1,0,2
62,46,1,0,1
62,47,1,0,2
62,48,1,1,5
62,49,1,0,3
62,50,1,0,5
62,51,1,1,4
62,52,1,1,5
62,53,1,1,3
62,54,1,1,5
62,57,1,0,3
62,58,1,1,4
62,59,1,1,5
62,63,1,0,2
62,64,1,0,3
62,67,1,1,5
62,68,1,0,2
62,69,1,0,1
62,71,1,1,1
62,72,1,1,0
62,77,1,1,1
62,78,1,1,3
62,79,1,1,0
62,80,1,1,4
62,81,1,1,1
62,82,1,1,1
62,86,1,1,3
62,89,1,1,1
62,91,1,1,5
62,92,1,1,5
62,93,1,1,0
62,95,1,0,2
62,96,1,0,4
62,97,1,0,2
62,98,1,1,2
62,99,1,1,1
62,100,1,1,1
63,1,1,0,3
63,2,1,1,2
63,3,1,1,0
63,4,1,1,0
63,5,1,1,0
63,6,1,0,3
63,7,1,1,2
63,11,1,0,5
63,13,1,0,1
63,14,1,1,2
63,16,1,1,5
63,18,1,0,5
63,19,1,0,5
63,20,1,1,5
63,21,1,0,5
63,22,1,0,3
63,24,1,1,4
63,25,1,0,3
63,26,1,0,5
63,27,1,0,1
63,28,1,1,0
63,30,1,1,3
63,31,1,0,0
63,32,1,0,1
63,34,1,1,4
63,35,1,1,4
63,38,1,1,4
63,39,1,0,3
63,41,1,0,2
63,42,1,0,3
63,44,1,1,2
63,45,1,0,2
63,46,1,1,4
63,49,1,0,5
63,50,1,1,3
63,53,1,1,1
63,54,1,1,2
63,55,1,0,3
63,56,1,1,4
63,57,1,1,3
63,58,1,0,5
63,59,1,0,3
63,60,1,0,4
63,61,1,0,3
63,66,1,0,1
63,67,1,1,2
63,68,1,0,0
63,69,1,0,4
63,70,1,0,2
63,73,1,1,2
63,75,1,0,1
63,77,1,1,1
63,79,1,1,2
63,80,1,1,2
63,81,1,0,2
63,82,1,1,1
63,83,1,0,2
63,84,1,0,0
63,86,1,0,1
63,87,1,0,1
63,89,1,1,4
63,90,1,0,0
63,92,1,0,4
63,93,1,1,3
63,95,1,0,2
63,96,1,1,3
63,97,1,0,1
63,98,1,0,0
63,99,1,1,1
64,3,1,1,5
64,4,1,0,5
64,5,1,1,5
64,6,1,0,2
64,7,1,0,2
64,8,1,0,3
64,9,1,0,0
64,11,1,1,1
64,12,1,1,0
64,14,1,1,2
64,16,1,1,0
64,20,1,1,2
64,21,1,1,1
64,24,1,0,4
64,26,1,0,2
64,27,1,1,4
64,28,1,0,4
64,29,1,1,1
64,34,1,0,0
64,35,1,1,1
64,37,1,1,5
64,38,1,0,3
64,40,1,1,0
64,41,1,0,4
64,44,1,0,0
64,45,1,0,2
64,46,1,1,1
64,48,1,1,1
64,49,1,0,5
64,50,1,1,1
64,51,1,1,5
64,52,1,1,5
64,53,1,0,0
64,54,1,0,5
64,57,1,0,3
64,61,1,1,4
64,62,1,0,3
64,66,1,0,0
64,67,1,0,1
64,70,1,1,3
64,72,1,1,2
64,73,1,1,4
64,74,1,1,1
64,75,1,1,5
64,76,1,0,1
64,77,1,0,2
64,78,1,1,5
64,80,1,1,1
64,81,1,1,1
64,82,1,0,4
64,83,1,0,0
64,84,1,1,5
64,85,1,0,2
64,87,1,0,0
64,88,1,1,1
64,89,1,1,5
64,90,1,1,2
64,91,1,0,2
64,92,1,1,4
64,93,1,0,4
64,94,1,0,4
64,95,1,1,4
64,97,1,0,1
64,99,1,1,3
64,100,1,1,4
65,2,1,1,0
65,3,1,1,5
65,4,1,0,1
65,7,1,0,4
65,13,1,0,3
65,14,1,0,0
65,15,1,1,1
65,16,1,0,2
65,17,1,0,5
65,19,1,0,1
65,20,1,1,3
65,21,1,1,3
65,24,1,0,1
65,25,1,0,3
65,26,1,1,2
65,28,1,0,1
65,29,1,0,5
65,30,1,0,2
65,31,1,1,4
65,32,1,0,5
65,33,1,1,5
65,35,1,0,3
65,38,1,1,3
65,40,1,0,2
65,43,1,1,0
65,44,1,1,3
65,46,1,0,5
65,47,1,1,5
65,48,1,0,5
65,49,1,1,1
65,50,1,0,2
65,51,1,0,2
65,52,1,0,5
65,54,1,1,5
65,58,1,1,3
65,59,1,0,5
65,60,1,0,2
65,61,1,1,2
65,62,1,1,2
65,63,1,1,5
65,65,1,1,5
65,69,1,0,4
65,72,1,0,5
65,73,1,0,3
65,74,1,0,0
65,75,1,1,3
65,76,1,1,2
65,77,1,0,1
65,79,1,1,0
65,81,1,1,0
65,82,1,1,3
65,85,1,0,1
65,86,1,1,2
65,87,1,0,1
65,88,1,0,2
65,89,1,1,4
65,90,1,0,2
65,91,1,1,0
65,93,1,0,0
65,95,1,0,3
65,96,1,1,2
65,98,1,0,1
65,99,1,1,4
65,100,1,1,0
66,1,1,1,2
66,2,1,1,0
66,3,1,0,1
66,4,1,1,2
66,5,1,1,0
66,6,1,0,0
66,8,1,1,5
66,9,1,1,5
66,10,1,0,4
66,11,1,0,1
66,12,1,0,2
66,13,1,0,0
66,14,1,0,1
66,15,1,1,0
66,16,1,0,4
66,20,1,0,1
66,21,1,1,3
66,23,1,0,2
66,24,1,0,2
66,25,1,1,4
66,27,1,0,5
66,28,1,0,4
66,32,1,1,2
66,33,1,0,1
66,34,1,1,1
66,35,1,1,5
66,37,1,1,4
66,39,1,0,4
66,40,1,1,0
66,41,1,0,0
66,42,1,0,2
66,44,1,0,5
66,45,1,1,1
66,48,1,0,5
66,50,1,0,3
66,51,1,0,0
66,52,1,1,3
66,53,1,1,2
66,54,1,1,4
66,56,1,0,0
66,57,1,0,3
66,58,1,0,1
66,59,1,0,3
66,60,1,0,3
66,61,1,0,0
66,62,1,1,0
66,63,1,0,0
66,65,1,1,0
66,67,1,1,2
66,70,1,0,4
66,71,1,1,3
66,72,1,1,0
66,74,1,1,3
66,75,1,0,0
66,79,1,1,5
66,81,1,1,3
66,82,1,0,4
66,83,1,0,2
66,84,1,0,4
66,85,1,1,4
66,86,1,0,4
66,88,1,1,1
66,89,1,0,1
66,93,1,0,0
66,95,1,1,4
66,96,1,0,5
66,97,1,1,5
66,99,1,1,3
66,100,1,0,0
67,1,1,1,4
67,2,1,0,1
67,10,1,0,4
67,13,1,1,5
67,14,1,1,1
67,15,1,1,5
67,16,1,1,1
67,17,1,1,4
67,19,1,0,3
67,20,1,0,5
67,21,1,0,3
67,22,1,1,3
67,23,1,1,5
67,26,1,1,4
67,27,1,1,0
67,28,1,0,5
67,29,1,1,2
67,31,1,0,3
67,32,1,1,1
67,33,1,0,2
67,34,1,0,4
67,35,1,1,1
67,36,1,1,4
67,39,1,1,0
67,40,1,0,3
67,43,1,0,3
67,45,1,0,0
67,46,1,1,4
67,47,1,1,1
67,49,1,0,2
67,50,1,0,0
67,51,1,1,1
67,52,1,1,5
67,53,1,1,5
67,54,1,1,5
67,57,1,0,0
67,59,1,0,4
67,60,1,1,3
67,61,1,0,2
67,63,1,0,2
67,64,1,0,2
67,65,1,0,5
67,66,1,0,3
67,68,1,1,1
67,70,1,0,3
67,71,1,1,3
67,73,1,0,0
67,76,1,1,4
67,78,1,1,4
67,82,1,0,5
67,83,1,0,0
67,84,1,0,5
67,85,1,1,5
67,86,1,1,5
67,88,1,1,0
67,93,1,0,0
67,95,1,1,2
67,96,1,0,3
67,97,1,1,4
67,98,1,0,0
68,1,1,0,4
68,4,1,0,0
68,5,1,1,3
68,6,1,0,2
68,7,1,0,1
68,9,1,1,1
68,10,1,1,0
68,11,1,0,3
68,12,1,0,0
68,13,1,1,0
68,14,1,1,1
68,15,1,0,5
68,17,1,1,0
68,19,1,1,4
68,20,1,1,4
68,21,1,0,0
68,22,1,0,2
68,23,1,0,3
68,25,1,1,5
68,26,1,0,3
68,28,1,1,5
68,29,1,0,5
68,31,1,1,1
68,34,1,0,4
68,35,1,1,5
68,36,1,0,5
68,37,1,0,1
68,39,1,0,1
68,41,1,0,3
68,42,1,0,5
68,44,1,0,4
68,45,1,0,5
68,48,1,0,0
68,49,1,0,4
68,50,1,1,5
68,51,1,0,2
68,52,1,1,1
68,53,1,0,4
68,54,1,0,5
68,55,1,0,0
68,57,1,0,4
68,58,1,0,4
68,60,1,1,5
68,64,1,1,2
68,65,1,0,4
68,66,1,1,0
68,67,1,0,3
68,69,1,1,1
68,70,1,0,2
68,71,1,1,3
68,72,1,1,2
68,74,1,1,0
68,76,1,0,4
68,77,1,0,0
68,78,1,0,4
68,79,1,1,2
68,80,1,0,2
68,81,1,0,3
68,82,1,0,2
68,83,1,1,5
68,84,1,0,4
68,85,1,1,5
68,87,1,0,3
68,88,1,1,3
68,90,1,1,3
68,92,1,0,0
68,93,1,0,5
68,94,1,1,5
68,98,1,1,3
68,99,1,1,4
69,3,1,0,5
69,4,1,0,4
69,5,1,1,1
69,6,1,0,5
69,8,1,0,2
69,9,1,1,0
69,10,1,0,2
69,11,1,0,4
69,12,1,1,5
69,13,1,1,2
69,14,1,1,3
69,16,1,0,5
69,17,1,1,0
69,18,1,1,3
69,19,1,1,0
69,20,1,1,1
69,21,1,0,1
69,22,1,0,0
69,23,1,0,5
69,24,1,0,3
69,25,1,1,5
69,27,1,0,3
69,28,1,0,3
69,29,1,1,3
69,30,1,0,5
69,31,1,0,2
69,32,1,0,0
69,33,1,0,4
69,35,1,1,2
69,36,1,1,1
69,39,1,0,5
69,40,1,0,0
69,41,1,1,4
69,42,1,0,5
69,44,1,0,5
69,46,1,0,5
69,47,1,1,2
69,50,1,1,0
69,51,1,1,1
69,52,1,0,5
69,53,1,0,1
69,54,1,0,0
69,55,1,1,4
69,56,1,1,5
69,61,1,1,0
69,62,1,1,3
69,65,1,0,3
69,66,1,1,0
69,67,1,1,4
69,68,1,1,0
69,69,1,1,1
69,71,1,1,2
69,73,1,0,1
69,74,1,0,0
69,75,1,1,4
69,76,1,0,3
69,78,1,1,4
69,81,1,1,5
69,82,1,1,5
69,83,1,0,0
69,84,1,0,0
69,86,1,0,5
69,89,1,0,3
69,90,1,0,5
69,92,1,0,2
69,93,1,1,0
69,94,1,0,0
69,95,1,0,1
69,96,1,1,0
69,97,1,0,3
69,100,1,1,2
70,1,1,0,4
70,2,1,1,3
70,3,1,1,1
70,4,1,1,0
70,5,1,0,4
70,6,1,1,4
70,8,1,1,5
70,11,1,1,4
70,15,1,1,4
70,16,1,1,4
70,19,1,0,4
70,20,1,1,1
70,21,1,1,0
70,22,1,1,4
70,23,1,1,1
70,24,1,0,2
70,25,1,0,5
70,26,1,1,2
70,27,1,1,0
70,28,1,1,5
70,29,1,1,2
70,30,1,0,4
70,31,1,0,1
70,32,1,0,3
70,33,1,1,3
70,34,1,0,3
70,35,1,0,1
70,36,1,1,0
70,38,1,1,3
70,40,1,0,5
70,41,1,1,3
70,42,1,0,4
70,43,1,1,0
70,44,1,0,1
70,45,1,0,5
70,49,1,1,4
70,50,1,0,4
70,51,1,1,3
70,53,1,0,1
70,54,1,1,0
70,55,1,0,4
70,56,1,1,5
70,57,1,0,4
70,59,1,0,3
70,61,1,0,0
70,62,1,1,0
70,65,1,1,5
70,66,1,0,2
70,67,1,0,3
70,68,1,1,1
70,71,1,0,5
70,73,1,1,3
70,75,1,1,4
70,76,1,0,1
70,77,1,1,5
70,78,1,0,1
70,79,1,1,0
70,80,1,1,5
70,81,1,0,0
70,82,1,1,5
70,83,1,0,1
70,84,1,0,3
70,85,1,0,0
70,86,1,1,0
70,87,1,0,0
70,88,1,0,0
70,90,1,0,3
70,92,1,1,2
70,98,1,1,2
70,99,1,1,2
70,100,1,1,4
71,2,1,1,0
71,3,1,0,3
71,5,1,1,1
71,6,1,0,3
71,7,1,1,0
71,10,1,1,2
71,11,1,0,4
71,13,1,0,2
71,14,1,1,2
71,18,1,0,0
71,20,1,0,0
71,22,1,0,4
71,23,1,1,2
71,24,1,1,1
71,25,1,0,2
71,27,1,1,0
71,28,1,0,0
71,29,1,0,1
71,32,1,1,2
71,34,1,1,0
71,35,1,0,4
71,38,1,1,3
71,39,1,1,2
71,41,1,0,0
71,42,1,1,5
71,44,1,0,2
71,45,1,0,0
71,46,1,0,3
71,47,1,1,2
71,48,1,1,3
71,49,1,1,4
71,50,1,1,5
71,51,1,1,0
71,52,1,0,1
71,53,1,1,5
71,54,1,1,0
71,55,1,1,2
71,57,1,0,3
71,58,1,0,1
71,59,1,0,0
71,60,1,1,1
71,61,1,1,2
71,62,1,0,5
71,64,1,1,3
71,65,1,1,4
71,66,1,0,3
71,67,1,1,2
71,68,1,1,4
71,71,1,1,5
71,72,1,1,2
71,73,1,1,0
71,76,1,0,3
71,78,1,1,4
71,79,1,1,1
71,81,1,0,4
71,82,1,0,1
71,84,1,1,4
71,85,1,0,1
71,87,1,1,0
71,88,1,1,3
71,89,1,1,4
71,92,1,0,1
71,94,1,0,4
71,98,1,0,3
71,99,1,0,3
71,100,1,1,3
72,5,1,1,2
72,6,1,1,5
72,10,1,0,0
72,13,1,0,4
72,16,1,0,4
72,17,1,0,5
72,18,1,1,0
72,19,1,1,4
72,20,1,0,4
72,21,1,1,3
72,22,1,1,2
72,24,1,1,2
72,25,1,0,1
72,26,1,0,3
72,27,1,0,0
72,28,1,0,4
72,29,1,1,4
72,30,1,0,0
72,32,1,1,5
72,33,1,0,1
72,35,1,1,1
72,37,1,0,0
72,38,1,0,5
72,40,1,1,1
72,41,1,1,1
72,43,1,1,2
72,44,1,1,5
72,46,1,0,5
72,48,1,0,0
72,49,1,0,3
72,51,1,1,5
72,52,1,1,0
72,53,1,1,4
72,54,1,1,2
72,55,1,0,0
72,56,1,0,1
72,57,1,1,1
72,58,1,1,4
72,59,1,0,0
72,60,1,1,5
72,61,1,0,3
72,62,1,1,4
72,63,1,1,0
72,64,1,0,2
72,65,1,1,5
72,68,1,0,5
72,70,1,0,0
72,71,1,0,4
72,72,1,1,2
72,73,1,0,5
72,74,1,0,2
72,76,1,1,1
72,77,1,0,1
72,79,1,0,4
72,80,1,0,1
72,81,1,1,0
72,82,1,1,5
72,83,1,1,1
72,84,1,0,5
72,85,1,0,4
72,89,1,1,1
72,90,1,1,1
72,91,1,1,1
72,93,1,0,0
72,94,1,1,3
72,98,1,1,1
72,99,1,1,5
72,100,1,1,0
73,1,1,1,3
73,3,1,0,3
73,5,1,1,5
73,7,1,1,5
73,11,1,0,2
73,12,1,1,4
73,15,1,0,1
73,16,1,1,2
73,18,1,0,0
73,19,1,0,4
73,20,1,1,3
73,22,1,0,3
73,23,1,1,3
73,25,1,1,5
73,26,1,1,1
73,27,1,1,0
73,30,1,0,1
73,31,1,0,4
73,32,1,1,1
73,34,1,1,0
73,36,1,0,1
73,38,1,1,5
73,39,1,0,1
73,40,1,1,0
73,41,1,1,0
73,42,1,1,1
73,43,1,1,5
73,46,1,1,4
73,47,1,1,1
73,48,1,0,0
73,49,1,0,3
73,51,1,1,5
73,52,1,0,4
73,54,1,0,4
73,55,1,0,0
73,56,1,1,2
73,60,1,1,1
73,61,1,0,3
73,62,1,1,1
73,64,1,0,3
73,65,1,0,5
73,66,1,1,5
73,67,1,1,2
73,68,1,1,2
73,70,1,1,5
73,71,1,0,2
73,72,1,0,4
73,73,1,0,2
73,74,1,0,3
73,75,1,0,0
73,76,1,0,5
73,77,1,1,4
73,81,1,0,2
73,82,1,0,1
73,83,1,1,2
73,85,1,1,2
73,86,1,1,5
73,89,1,1,1
73,91,1,0,4
73,93,1,0,1
73,95,1,1,1
73,96,1,0,4
73,98,1,1,5
73,99,1,1,2
73,100,1,1,0
74,2,1,1,1
74,3,1,1,5
74,4,1,0,3
74,5,1,1,0
74,10,1,1,3
74,11,1,0,1
74,13,1,1,4
74,14,1,1,5
74,15,1,0,1
74,16,1,1,4
74,17,1,0,4
74,19,1,1,1
74,20,1,1,5
74,23,1,1,5
74,25,1,1,4
74,26,1,0,4
74,27,1,0,3
74,28,1,0,0
74,30,1,1,1
74,33,1,1,3
74,36,1,0,3
74,39,1,0,2
74,40,1,0,5
74,41,1,1,0
74,43,1,0,4
74,44,1,1,3
74,45,1,0,0
74,46,1,1,3
74,47,1,1,5
74,48,1,0,3
74,52,1,0,4
74,53,1,1,5
74,54,1,0,0
74,55,1,1,5
74,56,1,1,5
74,57,1,0,5
74,58,1,0,1
74,59,1,1,5
74,61,1,0,4
74,63,1,1,4
74,64,1,1,5
74,65,1,0,4
74,66,1,0,0
74,67,1,0,3
74,68,1,0,0
74,70,1,1,0
74,71,1,0,5
74,74,1,0,2
74,75,1,0,5
74,76,1,1,1
74,77,1,0,0
74,78,1,0,0
74,79,1,1,5
74,81,1,1,3
74,82,1,0,5
74,83,1,1,1
74,84,1,0,2
74,85,1,0,1
74,86,1,0,5
74,87,1,0,5
74,88,1,1,0
74,89,1,0,5
74,90,1,1,2
74,91,1,1,4
74,92,1,0,5
74,93,1,1,2
74,94,1,0,2
74,96,1,0,2
74,97,1,1,0
74,98,1,1,0
74,99,1,0,4
74,100,1,1,5
75,1,1,0,0
75,2,1,1,5
75,3,1,1,3
75,4,1,0,0
75,5,1,0,0
75,6,1,0,3
75,7,1,1,0
75,8,1,1,2
75,10,1,1,2
75,14,1,1,5
75,15,1,1,1
75,16,1,0,0
75,17,1,1,0
75,20,1,1,2
75,21,1,1,3
75,24,1,1,5
75,25,1,1,1
75,26,1,0,2
75,27,1,0,0
75,28,1,0,3
75,30,1,0,1
75,31,1,0,0
75,34,1,0,2
75,36,1,1,5
75,37,1,0,5
75,38,1,1,0
75,43,1,0,1
75,44,1,1,3
75,46,1,0,0
75,49,1,0,1
75,50,1,1,4
75,53,1,1,5
75,54,1,0,0
75,55,1,0,3
75,56,1,0,0
75,57,1,1,2
75,58,1,0,1
75,59,1,1,5
75,60,1,0,5
75,62,1,0,4
75,63,1,1,5
75,64,1,1,2
75,67,1,0,5
75,69,1,0,1
75,70,1,1,3
75,71,1,1,2
75,75,1,0,0
75,76,1,1,1
75,80,1,0,5
75,81,1,0,4
75,83,1,0,4
75,84,1,1,4
75,86,1,0,5
75,87,1,1,0
75,88,1,1,2
75,91,1,0,2
75,93,1,1,3
75,94,1,1,0
75,95,1,1,5
75,97,1,1,5
75,99,1,1,5
75,100,1,0,4
76,6,1,1,4
76,9,1,0,0
76,10,1,1,0
76,12,1,0,3
76,13,1,1,3
76,15,1,1,3
76,16,1,1,2
76,19,1,1,5
76,20,1,1,1
76,24,1,1,3
76,26,1,0,3
76,27,1,0,0
76,28,1,0,2
76,32,1,0,0
76,33,1,1,0
76,35,1,1,4
76,36,1,1,4
76,38,1,1,4
76,39,1,1,2
76,40,1,1,2
76,41,1,0,4
76,42,1,0,4
76,43,1,0,5
76,48,1,0,0
76,52,1,1,3
76,54,1,1,0
76,56,1,1,1
76,58,1,0,4
76,59,1,0,2
76,61,1,1,3
76,62,1,1,5
76,63,1,0,0
76,64,1,0,1
76,65,1,1,1
76,67,1,1,4
76,68,1,1,4
76,70,1,0,4
76,71,1,1,1
76,74,1,0,1
76,75,1,0,4
76,77,1,1,4
76,78,1,0,4
76,79,1,1,5
76,80,1,1,4
76,81,1,0,0
76,82,1,1,5
76,83,1,1,4
76,84,1,0,4
76,87,1,1,5
76,88,1,1,5
76,89,1,1,4
76,90,1,0,1
76,91,1,0,3
76,94,1,1,2
76,95,1,1,2
76,96,1,0,1
76,98,1,1,3
76,99,1,0,2
76,100,1,0,0
77,1,1,0,1
77,2,1,0,5
77,3,1,0,5
77,4,1,1,2
77,5,1,0,3
77,7,1,1,3
77,8,1,0,2
77,9,1,1,2
77,10,1,0,4
77,12,1,1,1
77,13,1,0,5
77,14,1,1,2
77,15,1,1,4
77,16,1,0,4
77,21,1,0,3
77,22,1,1,3
77,23,1,1,1
77,25,1,1,5
77,27,1,0,2
77,28,1,0,4
77,29,1,0,3
77,31,1,0,1
77,32,1,0,4
77,33,1,0,0
77,34,1,0,4
77,35,1,0,4
77,36,1,0,0
77,40,1,1,0
77,41,1,1,4
77,42,1,1,2
77,44,1,1,2
77,45,1,1,0
77,46,1,0,5
77,47,1,1,0
77,48,1,0,1
77,49,1,0,1
77,50,1,0,2
77,51,1,0,0
77,52,1,1,1
77,53,1,0,5
77,54,1,0,4
77,55,1,0,4
77,56,1,1,0
77,57,1,1,3
77,59,1,0,5
77,63,1,0,5
77,67,1,0,5
77,68,1,1,0
77,70,1,1,1
77,71,1,0,4
77,73,1,0,2
77,75,1,1,1
77,76,1,0,4
77,77,1,1,1
77,78,1,0,2
77,79,1,0,2
77,80,1,0,5
77,81,1,1,5
77,82,1,0,4
77,83,1,1,5
77,84,1,1,4
77,85,1,0,3
77,86,1,1,4
77,87,1,1,2
77,90,1,1,3
77,91,1,0,0
77,92,1,0,3
77,95,1,0,2
77,96,1,1,2
77,97,1,0,2
77,98,1,1,2
77,99,1,1,4
78,1,1,1,0
78,5,1,1,2
78,7,1,0,4
78,8,1,1,4
78,9,1,0,0
78,12,1,1,2
78,13,1,1,1
78,14,1,0,0
78,15,1,1,1
78,16,1,1,3
78,17,1,0,3
78,18,1,1,1
78,19,1,0,2
78,23,1,0,5
78,24,1,0,1
78,25,1,0,5
78,26,1,0,4
78,27,1,0,1
78,28,1,1,3
78,29,1,0,0
78,30,1,1,3
78,31,1,0,0
78,32,1,0,4
78,33,1,1,4
78,35,1,0,0
78,36,1,1,3
78,37,1,1,3
78,38,1,0,5
78,40,1,1,0
78,41,1,1,3
78,42,1,1,4
78,43,1,0,2
78,44,1,1,0
78,45,1,0,3
78,46,1,1,4
78,47,1,1,0
78,51,1,1,0
78,53,1,0,1
78,54,1,0,4
78,58,1,0,3
78,59,1,1,1
78,60,1,0,0
78,61,1,0,1
78,62,1,0,5
78,65,1,1,4
78,67,1,0,3
78,68,1,0,4
78,70,1,1,3
78,71,1,0,4
78,73,1,1,4
78,75,1,0,2
78,76,1,1,4
78,78,1,1,4
78,79,1,0,1
78,80,1,1,3
78,81,1,0,3
78,83,1,1,5
78,84,1,0,0
78,85,1,1,1
78,86,1,1,2
78,88,1,0,2
78,89,1,1,3
78,91,1,1,4
78,93,1,1,2
78,94,1,1,3
78,95,1,1,5
78,96,1,0,5
78,97,1,1,1
78,100,1,1,4
79,2,1,0,4
79,3,1,1,5
79,4,1,1,2
79,5,1,0,3
79,6,1,1,2
79,7,1,1,2
79,8,1,1,4
79,9,1,1,5
79,10,1,0,5
79,11,1,1,1
79,12,1,0,1
79,13,1,1,5
79,14,1,0,0
79,16,1,1,1
79,17,1,0,5
79,18,1,1,0
79,19,1,1,1
79,21,1,1,4
79,22,1,0,3
79,23,1,1,2
79,25,1,0,5
79,26,1,0,1
79,28,1,1,1
79,29,1,1,2
79,30,1,1,4
79,31,1,1,1
79,32,1,1,5
79,34,1,1,0
79,35,1,1,0
79,37,1,1,5
79,38,1,1,1
79,39,1,1,2
79,40,1,0,4
79,42,1,1,2
79,43,1,0,3
79,45,1,0,4
79,47,1,0,4
79,48,1,1,2
79,49,1,1,2
79,51,1,1,4
79,52,1,0,5
79,53,1,1,4
79,54,1,0,3
79,55,1,0,0
79,56,1,1,1
79,57,1,0,4
79,58,1,1,1
79,59,1,1,2
79,61,1,0,3
79,62,1,1,2
79,64,1,1,3
79,65,1,1,3
79,67,1,0,0
79,68,1,0,5
79,69,1,1,3
79,71,1,1,1
79,72,1,1,3
79,73,1,0,1
79,75,1,1,1
79,76,1,1,0
79,77,1,0,2
79,79,1,1,4
79,81,1,0,0
79,84,1,1,2
79,85,1,1,2
79,86,1,1,5
79,87,1,1,1
79,88,1,1,4
79,89,1,1,3
79,90,1,0,4
79,92,1,1,1
79,93,1,0,4
79,94,1,0,5
79,95,1,1,0
79,96,1,1,3
79,97,1,0,4
79,98,1,1,0
79,99,1,0,4
79,100,1,0,1
80,2,1,0,3
80,4,1,0,0
80,5,1,1,0
80,6,1,0,3
80,7,1,1,4
80,8,1,0,3
80,9,1,0,4
80,10,1,0,1
80,12,1,0,1
80,13,1,0,3
80,14,1,0,5
80,15,1,0,4
80,16,1,0,0
80,18,1,1,1
80,20,1,0,3
80,21,1,0,2
80,23,1,1,4
80,24,1,1,3
80,25,1,1,3
80,27,1,1,4
80,28,1,1,0
80,29,1,1,2
80,34,1,0,2
80,35,1,1,0
80,36,1,0,3
80,37,1,1,2
80,38,1,1,4
80,40,1,0,5
80,41,1,1,5
80,42,1,1,2
80,43,1,1,3
80,44,1,1,0
80,45,1,0,0
80,46,1,0,3
80,48,1,0,1
80,51,1,0,3
80,52,1,0,0
80,54,1,0,0
80,55,1,0,5
80,56,1,1,4
80,58,1,1,4
80,59,1,1,5
80,60,1,1,4
80,63,1,0,1
80,65,1,1,1
80,66,1,0,1
80,69,1,1,5
80,70,1,0,4
80,72,1,1,3
80,73,1,1,4
80,74,1,0,0
80,75,1,0,4
80,76,1,0,3
80,77,1,0,0
80,79,1,0,5
80,81,1,0,4
80,83,1,1,2
80,86,1,1,1
80,87,1,1,4
80,89,1,1,2
80,92,1,1,2
80,94,1,0,5
80,96,1,1,0
80,97,1,0,5
80,98,1,1,3
80,99,1,0,4
80,100,1,0,1
81,1,1,0,1
81,2,1,1,2
81,3,1,1,2
81,4,1,0,1
81,7,1,0,5
81,8,1,0,2
81,9,1,1,3
81,12,1,0,3
81,14,1,0,4
81,15,1,1,5
81,16,1,1,1
81,18,1,1,4
81,22,1,1,5
81,23,1,1,1
81,24,1,0,0
81,25,1,1,1
81,26,1,1,0
81,27,1,1,3
81,28,1,0,5
81,32,1,0,0
81,33,1,0,5
81,34,1,0,4
81,36,1,1,2
81,37,1,0,3
81,38,1,1,3
81,42,1,0,3
81,45,1,1,1
81,46,1,0,2
81,48,1,0,4
81,50,1,0,4
81,51,1,1,5
81,52,1,0,4
81,53,1,0,2
81,54,1,0,0
81,55,1,1,0
81,56,1,0,5
81,57,1,1,2
81,59,1,1,1
81,60,1,1,4
81,61,1,0,0
81,62,1,1,2
81,64,1,1,4
81,67,1,1,2
81,68,1,0,3
81,69,1,1,5
81,71,1,1,3
81,72,1,1,4
81,73,1,0,0
81,74,1,0,2
81,75,1,1,3
81,78,1,0,2
81,79,1,1,4
81,80,1,1,5
81,81,1,1,1
81,83,1,0,2
81,84,1,0,2
81,86,1,1,5
81,87,1,1,4
81,88,1,0,2
81,90,1,1,0
81,93,1,1,2
81,94,1,1,3
81,95,1,1,3
81,96,1,1,3
81,98,1,0,1
81,100,1,1,3
82,2,1,0,5
82,3,1,0,1
82,4,1,1,3
82,6,1,1,0
82,7,1,1,5
82,8,1,0,3
82,9,1,0,5
82,11,1,0,5
82,13,1,1,1
82,14,1,1,4
82,15,1,0,3
82,16,1,0,3
82,17,1,1,1
82,19,1,0,3
82,21,1,0,4
82,22,1,1,3
82,23,1,1,0
82,24,1,0,2
82,26,1,1,0
82,27,1,1,4
82,29,1,0,4
82,30,1,0,0
82,31,1,0,2
82,33,1,1,4
82,35,1,1,1
82,36,1,1,3
82,37,1,1,2
82,38,1,1,3
82,39,1,1,2
82,41,1,1,5
82,43,1,0,0
82,45,1,0,3
82,46,1,0,1
82,47,1,0,1
82,48,1,0,3
82,49,1,1,3
82,50,1,0,4
82,51,1,0,0
82,52,1,0,0
82,53,1,0,0
82,54,1,1,1
82,55,1,1,5
82,56,1,0,2
82,58,1,0,2
82,60,1,1,0
82,61,1,0,0
82,62,1,0,0
82,64,1,0,2
82,65,1,1,5
82,66,1,0,3
82,68,1,1,0
82,69,1,0,3
82,70,1,0,2
82,71,1,0,2
82,73,1,1,1
82,74,1,0,2
82,75,1,1,2
82,77,1,0,2
82,78,1,1,2
82,79,1,1,0
82,81,1,0,0
82,82,1,1,3
82,83,1,1,1
82,84,1,0,5
82,86,1,0,0
82,87,1,0,2
82,89,1,0,5
82,91,1,0,5
82,92,1,0,5
82,93,1,0,4
82,95,1,0,5
82,96,1,0,0
82,98,1,0,2
82,99,1,1,0
82,100,1,0,1
83,3,1,0,0
83,4,1,0,1
83,6,1,1,3
83,7,1,1,1
83,8,1,0,5
83,10,1,0,2
83,11,1,1,1
83,12,1,0,2
83,13,1,0,3
83,16,1,0,5
83,17,1,0,3
83,20,1,1,2
83,23,1,0,2
83,24,1,0,5
83,25,1,1,5
83,26,1,0,0
83,27,1,0,3
83,29,1,0,0
83,30,1,0,4
83,31,1,1,5
83,32,1,1,3
83,33,1,1,4
83,35,1,0,5
83,36,1,0,3
83,37,1,1,0
83,38,1,1,3
83,40,1,0,1
83,41,1,1,5
83,42,1,0,4
83,43,1,0,2
83,45,1,1,4
83,47,1,0,2
83,49,1,0,5
83,51,1,0,1
83,52,1,0,1
83,56,1,1,3
83,58,1,0,3
83,59,1,0,0
83,62,1,0,0
83,63,1,0,1
83,64,1,0,0
83,66,1,1,3
83,67,1,1,2
83,68,1,1,0
83,69,1,1,4
83,70,1,0,3
83,71,1,0,1
83,72,1,0,3
83,73,1,0,1
83,74,1,0,5
83,75,1,1,3
83,76,1,0,1
83,77,1,0,1
83,79,1,0,1
83,80,1,1,4
83,81,1,0,5
83,82,1,1,5
83,84,1,0,2
83,86,1,0,2
83,87,1,1,0
83,90,1,1,2
83,91,1,0,3
83,94,1,1,5
83,96,1,1,1
83,97,1,1,4
83,98,1,1,3
83,99,1,0,0
83,100,1,1,4
84,2,1,0,3
84,4,1,1,1
84,5,1,1,0
84,6,1,0,0
84,8,1,1,2
84,9,1,0,1
84,11,1,1,5
84,12,1,1,3
84,14,1,1,2
84,15,1,0,1
84,16,1,1,5
84,17,1,1,2
84,18,1,1,1
84,19,1,1,4
84,20,1,1,5
84,21,1,1,2
84,22,1,0,2
84,23,1,0,0
84,24,1,0,3
84,25,1,0,0
84,26,1,1,5
84,27,1,1,0
84,30,1,0,0
84,31,1,1,1
84,32,1,0,3
84,33,1,1,0
84,34,1,1,0
84,35,1,0,4
84,36,1,0,2
84,37,1,1,4
84,40,1,1,2
84,41,1,1,5
84,44,1,0,2
84,45,1,0,0
84,46,1,1,1
84,48,1,0,4
84,49,1,0,0
84,51,1,0,4
84,52,1,0,4
84,53,1,1,5
84,55,1,0,3
84,58,1,1,0
84,59,1,0,4
84,60,1,1,4
84,63,1,1,4
84,65,1,0,5
84,66,1,1,2
84,68,1,0,4
84,71,1,0,2
84,72,1,1,2
84,73,1,1,3
84,74,1,1,3
84,75,1,0,2
84,77,1,1,4
84,79,1,0,1
84,80,1,1,5
84,81,1,0,4
84,82,1,1,5
84,83,1,0,3
84,84,1,1,5
84,85,1,1,1
84,86,1,0,4
84,87,1,0,1
84,89,1,0,2
84,91,1,0,0
84,92,1,1,0
84,93,1,0,1
84,94,1,1,3
84,98,1,0,1
85,1,1,0,5
85,2,1,1,5
85,3,1,0,3
85,6,1,1,5
85,10,1,1,4
85,11,1,0,3
85,12,1,0,3
85,14,1,0,0
85,16,1,1,2
85,18,1,1,5
85,19,1,0,3
85,23,1,1,0
85,25,1,1,1
85,26,1,0,3
85,29,1,1,0
85,30,1,0,3
85,31,1,0,2
85,33,1,1,2
85,34,1,1,1
85,35,1,1,2
85,36,1,0,1
85,39,1,0,3
85,40,1,0,5
85,41,1,0,0
85,42,1,1,1
85,43,1,1,5
85,46,1,0,1
85,48,1,1,1
85,49,1,1,3
85,53,1,0,3
85,57,1,0,1
85,58,1,0,0
85,59,1,1,2
85,60,1,1,5
85,61,1,0,4
85,62,1,1,5
85,64,1,1,0
85,66,1,1,4
85,67,1,0,1
85,68,1,1,0
85,69,1,1,2
85,71,1,1,4
85,72,1,1,0
85,73,1,1,0
85,75,1,0,3
85,76,1,0,2
85,78,1,1,4
85,81,1,0,3
85,83,1,1,1
85,85,1,1,3
85,87,1,1,2
85,89,1,1,4
85,90,1,0,5
85,91,1,1,0
85,92,1,0,2
85,93,1,1,3
85,94,1,0,5
85,95,1,1,3
85,96,1,0,1
85,97,1,0,4
85,99,1,0,4
86,2,1,0,5
86,4,1,1,5
86,5,1,1,0
86,6,1,0,5
86,7,1,0,4
86,8,1,0,4
86,10,1,0,4
86,15,1,1,2
86,16,1,0,1
86,17,1,0,1
86,18,1,0,2
86,19,1,0,0
86,20,1,0,3
86,21,1,0,0
86,22,1,1,5
86,25,1,0,3
86,26,1,1,1
86,29,1,1,3
86,30,1,1,0
86,31,1,0,0
86,32,1,1,2
86,34,1,1,2
86,37,1,0,3
86,38,1,0,2
86,40,1,0,0
86,41,1,1,1
86,42,1,0,2
86,43,1,1,5
86,44,1,1,2
86,49,1,1,4
86,51,1,1,4
86,53,1,1,3
86,54,1,0,5
86,56,1,1,5
86,58,1,1,4
86,60,1,0,2
86,61,1,0,5
86,62,1,1,0
86,63,1,1,1
86,64,1,0,1
86,66,1,0,0
86,67,1,0,3
86,69,1,1,2
86,70,1,0,5
86,71,1,1,1
86,72,1,1,3
86,73,1,1,4
86,74,1,0,1
86,76,1,1,0
86,77,1,0,2
86,78,1,1,3
86,79,1,0,1
86,80,1,1,5
86,82,1,1,2
86,83,1,1,1
86,86,1,0,1
86,87,1,1,2
86,88,1,1,4
86,90,1,1,5
86,91,1,1,0
86,92,1,1,5
86,93,1,0,4
86,94,1,0,3
86,95,1,0,5
86,96,1,1,0
86,99,1,1,1
86,100,1,1,2
87,1,1,0,3
87,2,1,0,1
87,4,1,0,4
87,5,1,1,4
87,6,1,0,2
87,8,1,0,4
87,9,1,0,4
87,10,1,0,1
87,11,1,0,0
87,13,1,1,5
87,14,1,1,4
87,17,1,0,4
87,18,1,0,4
87,19,1,0,1
87,20,1,0,3
87,21,1,0,3
87,22,1,1,5
87,23,1,0,4
87,24,1,1,3
87,25,1,0,0
87,27,1,0,2
87,28,1,0,1
87,30,1,0,2
87,32,1,0,1
87,35,1,1,4
87,36,1,0,5
87,37,1,1,5
87,38,1,0,1
87,39,1,0,0
87,41,1,1,1
87,42,1,1,1
87,43,1,0,1
87,44,1,1,5
87,45,1,1,0
87,46,1,1,0
87,49,1,1,2
87,50,1,0,3
87,53,1,1,2
87,54,1,0,5
87,55,1,1,4
87,56,1,0,1
87,57,1,1,0
87,58,1,0,4
87,60,1,0,3
87,61,1,0,2
87,65,1,0,4
87,66,1,0,4
87,67,1,0,5
87,69,1,0,1
87,70,1,0,4
87,72,1,1,1
87,73,1,1,0
87,74,1,0,2
87,75,1,1,1
87,77,1,0,1
87,78,1,1,4
87,79,1,1,1
87,80,1,1,4
87,81,1,0,3
87,82,1,1,2
87,85,1,1,2
87,86,1,1,3
87,87,1,1,5
87,88,1,1,2
87,89,1,1,5
87,90,1,0,1
87,91,1,1,1
87,92,1,0,4
87,93,1,1,5
87,94,1,1,4
87,96,1,1,0
87,98,1,0,0
87,99,1,0,5
88,2,1,0,5
88,3,1,1,2
88,4,1,0,0
88,5,1,0,0
88,6,1,0,3
88,8,1,0,4
88,11,1,1,0
88,13,1,1,5
88,14,1,1,3
88,17,1,1,2
88,18,1,1,0
88,19,1,0,2
88,20,1,0,0
88,21,1,0,1
88,22,1,1,2
88,24,1,0,5
88,28,1,1,4
88,29,1,0,1
88,30,1,0,2
88,32,1,1,3
88,34,1,0,0
88,35,1,0,5
88,36,1,0,0
88,37,1,0,4
88,38,1,1,0
88,39,1,0,5
88,40,1,0,1
88,41,1,1,2
88,42,1,1,1
88,44,1,0,0
88,45,1,0,2
88,46,1,1,1
88,48,1,1,4
88,50,1,0,5
88,51,1,1,5
88,53,1,1,4
88,54,1,0,1
88,55,1,0,1
88,56,1,0,2
88,57,1,1,0
88,59,1,0,3
88,60,1,1,2
88,61,1,1,3
88,62,1,0,3
88,63,1,1,5
88,65,1,1,2
88,66,1,1,4
88,67,1,0,1
88,68,1,1,5
88,70,1,0,1
88,72,1,0,3
88,73,1,1,5
88,74,1,0,4
88,75,1,0,5
88,76,1,0,3
88,77,1,1,0
88,78,1,1,3
88,79,1,1,3
88,81,1,0,4
88,82,1,0,5
88,83,1,1,4
88,85,1,0,5
88,86,1,1,2
88,87,1,1,1
88,88,1,1,0
88,89,1,1,4
88,90,1,0,5
88,91,1,1,5
88,92,1,1,4
88,98,1,1,0
88,99,1,1,5
88,100,1,1,3
89,2,1,0,5
89,3,1,1,0
89,4,1,1,1
89,6,1,0,4
89,8,1,1,2
89,11,1,1,0
89,12,1,1,4
89,13,1,0,4
89,14,1,1,3
89,17,1,1,2
89,19,1,1,0
89,20,1,1,0
89,21,1,1,5
89,22,1,0,3
89,23,1,0,3
89,25,1,0,2
89,26,1,0,2
89,27,1,0,0
89,29,1,1,3
89,30,1,1,4
89,33,1,0,4
89,36,1,0,5
89,37,1,1,2
89,38,1,0,0
89,40,1,0,5
89,42,1,0,1
89,43,1,1,5
89,45,1,0,0
89,46,1,1,3
89,47,1,0,2
89,48,1,0,0
89,49,1,1,5
89,50,1,1,4
89,52,1,0,5
89,54,1,0,4
89,55,1,0,3
89,61,1,0,3
89,63,1,1,4
89,64,1,0,3
89,65,1,1,2
89,66,1,0,2
89,69,1,0,4
89,70,1,0,1
89,71,1,1,4
89,72,1,1,4
89,73,1,0,2
89,75,1,1,0
89,78,1,1,3
89,79,1,1,3
89,80,1,1,2
89,82,1,0,5
89,85,1,0,1
89,86,1,0,4
89,87,1,1,2
89,88,1,1,3
89,91,1,0,2
89,92,1,1,0
89,93,1,0,3
89,96,1,1,5
89,98,1,1,5
89,100,1,0,0
90,1,1,1,0
90,2,1,1,4
90,3,1,0,0
90,5,1,1,4
90,6,1,0,4
90,7,1,0,2
90,8,1,1,3
90,9,1,0,0
90,12,1,1,0
90,13,1,1,1
90,18,1,0,0
90,19,1,1,2
90,20,1,1,0
90,22,1,0,2
90,25,1,1,0
90,26,1,1,4
90,27,1,0,0
90,28,1,0,4
90,29,1,0,4
90,33,1,0,3
90,34,1,0,0
90,36,1,0,4
90,37,1,0,1
90,38,1,0,4
90,39,1,0,2
90,40,1,0,0
90,41,1,1,4
90,44,1,1,3
90,47,1,1,5
90,48,1,0,5
90,49,1,1,0
90,50,1,0,2
90,52,1,0,0
90,54,1,1,2
90,55,1,0,1
90,56,1,1,4
90,57,1,1,2
90,59,1,1,1
90,60,1,1,2
90,61,1,1,0
90,62,1,1,4
90,63,1,1,1
90,66,1,1,0
90,67,1,0,1
90,70,1,1,4
90,71,1,0,4
90,73,1,0,3
90,75,1,1,5
90,76,1,1,5
90,77,1,0,4
90,78,1,0,3
90,79,1,0,5
90,80,1,0,4
90,81,1,0,1
90,83,1,0,1
90,85,1,0,4
90,86,1,1,2
90,87,1,1,2
90,90,1,0,5
90,91,1,0,4
90,92,1,1,0
90,95,1,1,1
90,96,1,0,2
90,97,1,1,5
90,98,1,0,1
91,3,1,0,1
91,5,1,0,3
91,7,1,0,1
91,8,1,0,0
91,10,1,1,5
91,11,1,1,0
91,12,1,1,1
91,13,1,0,2
91,14,1,1,5
91,15,1,0,1
91,16,1,1,2
91,18,1,1,5
91,19,1,1,1
91,24,1,1,2
91,25,1,0,3
91,27,1,1,2
91,28,1,0,2
91,29,1,0,5
91,30,1,0,5
91,31,1,0,4
91,32,1,1,5
91,35,1,0,0
91,37,1,0,1
91,39,1,0,0
91,40,1,1,0
91,43,1,0,4
91,44,1,0,0
91,45,1,0,5
91,46,1,1,5
91,47,1,1,0
91,48,1,0,2
91,51,1,0,2
91,52,1,0,5
91,53,1,1,0
91,54,1,0,4
91,55,1,0,4
91,56,1,0,2
91,59,1,0,3
91,60,1,0,3
91,61,1,0,4
91,62,1,1,0
91,63,1,0,2
91,64,1,1,4
91,65,1,1,1
91,66,1,1,5
91,67,1,1,4
91,68,1,1,0
91,70,1,0,4
91,71,1,0,2
91,72,1,1,3
91,73,1,1,0
91,76,1,0,3
91,77,1,0,4
91,78,1,0,4
91,80,1,1,5
91,82,1,1,1
91,83,1,0,1
91,85,1,0,3
91,86,1,1,4
91,87,1,0,1
91,88,1,0,0
91,90,1,0,2
91,91,1,1,3
91,92,1,1,1
91,93,1,1,3
91,95,1,0,5
91,98,1,0,3
91,99,1,0,4
91,100,1,1,0
92,1,1,0,4
92,3,1,1,2
92,5,1,1,2
92,6,1,0,5
92,7,1,0,1
92,10,1,0,1
92,12,1,0,3
92,13,1,1,1
92,14,1,1,2
92,15,1,0,4
92,16,1,1,2
92,17,1,0,4
92,18,1,0,5
92,19,1,0,2
92,20,1,0,0
92,21,1,1,3
92,22,1,1,3
92,24,1,0,2
92,27,1,0,2
92,30,1,0,0
92,31,1,0,1
92,33,1,0,0
92,34,1,0,2
92,35,1,0,1
92,36,1,1,3
92,38,1,1,2
92,39,1,1,5
92,41,1,1,2
92,42,1,0,4
92,43,1,0,1
92,44,1,1,0
92,45,1,1,3
92,46,1,0,2
92,47,1,1,2
92,50,1,0,5
92,51,1,1,4
92,53,1,1,0
92,55,1,0,1
92,56,1,1,0
92,57,1,0,1
92,58,1,1,1
92,59,1,0,5
92,60,1,1,5
92,62,1,1,2
92,64,1,1,3
92,65,1,0,4
92,66,1,0,1
92,67,1,0,2
92,68,1,0,5
92,70,1,0,0
92,71,1,1,3
92,72,1,1,2
92,73,1,1,2
92,76,1,1,0
92,77,1,0,4
92,78,1,0,5
92,79,1,1,4
92,81,1,0,0
92,82,1,0,1
92,85,1,1,5
92,87,1,1,0
92,88,1,0,2
92,90,1,0,2
92,91,1,0,0
92,92,1,1,0
92,94,1,1,4
92,96,1,1,2
92,97,1,0,3
92,98,1,1,0
92,99,1,1,0
92,100,1,1,0
93,1,1,0,2
93,5,1,0,4
93,6,1,1,4
93,7,1,1,3
93,8,1,0,0
93,10,1,0,1
93,11,1,0,1
93,12,1,0,4
93,13,1,1,3
93,15,1,1,5
93,16,1,1,3
93,17,1,1,5
93,19,1,1,3
93,20,1,0,1
93,21,1,1,5
93,22,1,1,1
93,23,1,0,3
93,24,1,1,1
93,26,1,0,1
93,28,1,1,5
93,30,1,0,2
93,31,1,1,3
93,32,1,1,3
93,33,1,1,0
93,34,1,0,4
93,35,1,0,2
93,36,1,1,3
93,37,1,1,1
93,38,1,1,5
93,39,1,1,5
93,40,1,1,3
93,41,1,1,4
93,42,1,0,2
93,43,1,1,0
93,46,1,1,2
93,47,1,0,3
93,48,1,1,5
93,49,1,0,1
93,50,1,1,2
93,51,1,1,5
93,53,1,1,4
93,55,1,1,5
93,56,1,1,0
93,57,1,0,2
93,58,1,0,4
93,59,1,0,4
93,60,1,0,4
93,63,1,1,3
93,64,1,1,5
93,65,1,1,2
93,68,1,1,4
93,70,1,1,5
93,71,1,1,0
93,72,1,0,0
93,73,1,1,1
93,80,1,0,5
93,81,1,1,5
93,84,1,0,5
93,85,1,1,4
93,86,1,0,4
93,87,1,0,5
93,88,1,1,0
93,89,1,0,2
93,90,1,1,3
93,91,1,1,2
93,94,1,0,2
93,95,1,0,3
93,96,1,1,4
93,97,1,1,3
93,100,1,1,5
94,1,1,1,4
94,2,1,1,2
94,4,1,1,1
94,5,1,1,2
94,6,1,0,2
94,8,1,0,0
94,9,1,0,3
94,10,1,0,0
94,11,1,1,4
94,12,1,1,0
94,13,1,1,5
94,15,1,0,3
94,19,1,0,0
94,20,1,0,4
94,21,1,1,2
94,23,1,1,3
94,24,1,1,5
94,25,1,1,0
94,27,1,1,3
94,28,1,0,2
94,29,1,0,1
94,30,1,1,4
94,32,1,1,4
94,33,1,1,5
94,34,1,0,1
94,36,1,1,2
94,37,1,0,3
94,39,1,1,4
94,40,1,1,1
94,41,1,1,1
94,42,1,0,1
94,43,1,0,4
94,45,1,0,4
94,46,1,1,0
94,49,1,0,2
94,51,1,0,4
94,52,1,0,5
94,57,1,1,2
94,58,1,0,1
94,59,1,1,0
94,61,1,0,5
94,63,1,0,2
94,65,1,0,0
94,66,1,1,4
94,67,1,1,1
94,68,1,0,2
94,69,1,0,3
94,71,1,0,2
94,72,1,1,1
94,73,1,0,0
94,76,1,1,1
94,77,1,0,4
94,78,1,0,2
94,79,1,0,0
94,80,1,1,1
94,81,1,0,3
94,82,1,0,2
94,84,1,1,2
94,87,1,0,5
94,89,1,0,3
94,91,1,1,0
94,92,1,1,1
94,94,1,0,5
94,97,1,1,3
94,98,1,0,1
94,99,1,0,4
94,100,1,1,4
95,1,1,1,2
95,2,1,1,4
95,3,1,1,0
95,4,1,1,4
95,5,1,1,3
95,6,1,1,4
95,7,1,1,0
95,8,1,0,1
95,10,1,1,3
95,11,1,0,4
95,12,1,1,0
95,13,1,1,1
95,14,1,0,0
95,15,1,0,5
95,16,1,1,1
95,17,1,1,1
95,18,1,0,3
95,19,1,0,4
95,20,1,0,5
95,21,1,0,4
95,22,1,1,5
95,23,1,0,3
95,27,1,0,5
95,28,1,1,4
95,29,1,1,5
95,31,1,1,0
95,33,1,1,2
95,34,1,1,2
95,37,1,1,0
95,39,1,0,4
95,40,1,1,4
95,42,1,0,1
95,45,1,0,4
95,47,1,0,4
95,48,1,1,2
95,50,1,1,2
95,51,1,1,3
95,53,1,0,1
95,54,1,0,2
95,58,1,0,2
95,59,1,0,4
95,60,1,1,2
95,61,1,1,3
95,62,1,0,4
95,63,1,0,5
95,64,1,1,4
95,65,1,0,0
95,66,1,0,2
95,68,1,1,3
95,69,1,1,1
95,71,1,1,3
95,75,1,1,5
95,76,1,0,3
95,77,1,1,0
95,78,1,0,2
95,81,1,0,5
95,83,1,1,1
95,84,1,0,2
95,85,1,0,2
95,88,1,0,2
95,89,1,0,0
95,90,1,1,3
95,91,1,0,3
95,92,1,1,2
95,93,1,1,0
95,97,1,0,2
95,98,1,1,4
95,99,1,1,0
95,100,1,1,3
96,2,1,0,4
96,5,1,1,0
96,7,1,1,1
96,9,1,1,1
96,10,1,1,0
96,11,1,0,4
96,12,1,0,0
96,15,1,1,5
96,16,1,0,4
96,17,1,0,5
96,18,1,1,1
96,19,1,1,1
96,22,1,0,5
96,24,1,1,5
96,25,1,0,1
96,27,1,0,0
96,28,1,1,2
96,30,1,1,2
96,31,1,1,4
96,32,1,1,1
96,33,1,1,2
96,36,1,0,4
96,38,1,0,1
96,40,1,0,1
96,42,1,1,3
96,43,1,0,4
96,44,1,1,5
96,45,1,1,0
96,46,1,1,3
96,47,1,1,3
96,48,1,0,2
96,52,1,1,0
96,53,1,0,5
96,54,1,1,0
96,55,1,1,1
96,57,1,1,4
96,58,1,0,1
96,59,1,0,1
96,60,1,1,2
96,62,1,0,5
96,66,1,1,1
96,67,1,0,1
96,68,1,1,2
96,69,1,1,5
96,70,1,1,5
96,71,1,0,0
96,72,1,1,3
96,73,1,1,1
96,74,1,1,0
96,75,1,0,5
96,79,1,0,1
96,80,1,1,2
96,81,1,0,4
96,82,1,0,4
96,83,1,1,5
96,86,1,0,1
96,87,1,1,4
96,88,1,0,0
96,89,1,0,3
96,92,1,0,4
96,93,1,1,4
96,94,1,0,4
96,95,1,1,1
96,96,1,1,4
96,97,1,1,5
96,99,1,1,2
96,100,1,1,5
97,1,1,0,1
97,2,1,1,3
97,3,1,0,5
97,4,1,1,1
97,5,1,0,3
97,6,1,0,3
97,10,1,1,5
97,12,1,0,5
97,13,1,1,4
97,14,1,0,3
97,15,1,0,4
97,17,1,0,4
97,18,1,0,1
97,19,1,0,3
97,21,1,0,5
97,22,1,0,5
97,23,1,0,4
97,24,1,0,2
97,26,1,0,2
97,27,1,0,1
97,28,1,1,2
97,29,1,1,2
97,30,1,1,3
97,31,1,0,1
97,32,1,0,0
97,33,1,0,4
97,34,1,0,0
97,37,1,0,4
97,38,1,1,3
97,39,1,0,1
97,40,1,1,1
97,41,1,1,3
97,43,1,0,4
97,45,1,1,0
97,47,1,0,0
97,49,1,0,3
97,51,1,1,1
97,53,1,1,3
97,54,1,0,0
97,55,1,0,1
97,56,1,1,4
97,57,1,1,3
97,58,1,1,4
97,61,1,0,4
97,66,1,1,5
97,69,1,1,0
97,73,1,0,0
97,74,1,0,5
97,75,1,0,3
97,78,1,1,0
97,79,1,0,1
97,80,1,1,3
97,81,1,0,1
97,82,1,0,4
97,83,1,0,5
97,84,1,0,5
97,85,1,1,4
97,86,1,0,3
97,87,1,1,2
97,89,1,0,3
97,90,1,0,2
97,91,1,0,3
97,92,1,0,0
97,93,1,1,2
97,94,1,0,0
97,95,1,1,2
97,98,1,0,1
98,1,1,1,1
98,2,1,0,4
98,3,1,0,2
98,4,1,1,0
98,5,1,0,2
98,6,1,1,2
98,8,1,1,0
98,9,1,1,5
98,11,1,1,5
98,12,1,1,4
98,14,1,0,2
98,17,1,0,1
98,18,1,1,1
98,19,1,0,0
98,20,1,0,2
98,21,1,1,5
98,22,1,0,1
98,23,1,0,3
98,24,1,0,2
98,25,1,0,2
98,26,1,0,0
98,27,1,1,4
98,28,1,0,5
98,29,1,1,3
98,30,1,1,1
98,31,1,0,2
98,35,1,1,2
98,36,1,1,4
98,37,1,0,5
98,39,1,1,4
98,40,1,1,3
98,41,1,0,2
98,42,1,0,3
98,44,1,0,4
98,45,1,0,2
98,49,1,1,3
98,50,1,0,0
98,51,1,0,4
98,52,1,1,1
98,55,1,1,4
98,56,1,0,3
98,57,1,1,2
98,58,1,0,2
98,59,1,1,3
98,60,1,0,3
98,61,1,1,5
98,67,1,1,4
98,68,1,0,2
98,70,1,0,1
98,78,1,0,3
98,79,1,0,1
98,81,1,1,4
98,82,1,0,0
98,84,1,1,1
98,85,1,1,0
98,86,1,0,4
98,87,1,0,3
98,88,1,1,0
98,89,1,0,3
98,93,1,1,4
98,94,1,1,0
98,95,1,1,5
98,96,1,1,5
99,1,1,0,0
99,2,1,0,5
99,3,1,0,5
99,5,1,1,1
99,6,1,1,4
99,7,1,1,4
99,9,1,1,2
99,10,1,1,3
99,11,1,1,2
99,12,1,1,1
99,13,1,1,2
99,14,1,1,0
99,15,1,0,2
99,19,1,0,0
99,20,1,1,0
99,21,1,0,1
99,22,1,0,2
99,24,1,1,0
99,25,1,0,0
99,26,1,1,1
99,27,1,1,5
99,29,1,0,5
99,31,1,1,0
99,32,1,0,5
99,34,1,1,0
99,35,1,0,2
99,37,1,1,4
99,38,1,1,3
99,39,1,0,5
99,40,1,1,1
99,42,1,1,4
99,43,1,0,3
99,44,1,0,4
99,45,1,1,2
99,46,1,0,1
99,47,1,0,0
99,48,1,1,5
99,49,1,1,4
99,50,1,0,5
99,51,1,0,3
99,52,1,1,1
99,54,1,0,5
99,56,1,0,0
99,58,1,0,0
99,59,1,1,1
99,60,1,1,4
99,61,1,0,5
99,62,1,1,5
99,63,1,0,5
99,64,1,1,2
99,66,1,1,5
99,67,1,1,4
99,68,1,1,3
99,71,1,0,4
99,72,1,1,5
99,73,1,0,0
99,75,1,0,5
99,76,1,0,2
99,77,1,1,3
99,78,1,1,1
99,79,1,0,4
99,82,1,1,5
99,83,1,1,0
99,84,1,0,0
99,85,1,0,4
99,87,1,0,4
99,88,1,1,1
99,89,1,1,5
99,90,1,0,1
99,92,1,0,1
99,93,1,0,2
99,94,1,1,5
99,95,1,1,3
99,96,1,0,5
99,97,1,0,0
99,98,1,1,1
99,99,1,0,5
99,100,1,0,5
100,2,1,1,0
100,3,1,1,0
100,4,1,1,2
100,6,1,0,1
100,7,1,1,5
100,9,1,1,2
100,10,1,0,1
100,11,1,0,2
100,12,1,1,5
100,15,1,1,1
100,17,1,0,0
100,18,1,0,3
100,20,1,1,5
100,21,1,0,1
100,22,1,0,1
100,23,1,1,0
100,25,1,1,5
100,26,1,0,5
100,27,1,0,2
100,30,1,0,5
100,31,1,1,3
100,33,1,1,4
100,34,1,1,4
100,35,1,0,0
100,36,1,0,2
100,37,1,1,2
100,38,1,0,2
100,39,1,1,1
100,41,1,0,2
100,43,1,0,3
100,45,1,1,1
100,47,1,0,1
100,48,1,1,1
100,51,1,1,5
100,52,1,0,4
100,54,1,0,5
100,55,1,1,2
100,56,1,0,2
100,57,1,1,1
100,59,1,0,3
100,65,1,0,0
100,66,1,0,0
100,69,1,0,2
100,71,1,1,4
100,72,1,1,3
100,73,1,0,4
100,74,1,1,1
100,75,1,1,4
100,81,1,1,5
100,82,1,1,5
100,83,1,1,4
100,87,1,0,0
100,88,1,1,3
100,91,1,1,4
100,92,1,1,0
100,94,1,0,2
100,95,1,0,1
100,100,1,1,5